freq,tra_meas,unit,geo\TIME_PERIOD	1997 	1998 	1999 	2000 	2001 	2002 	2003 	2004 	2005 	2006 	2007 	2008 	2009 	2010 	2011 	2012 	2013 	2014 	2015 	2016 	2017 	2018 	2019 	2020 	2021 	2022 	2023 
A,FR_LD,THS_T,BE	60563 	59340 	62317 	67639 	66505 	68422 	76475 	78286 	89223 	92751 	101376 	102907 	91272 	100798 	102587 	101789 	104157 	111544 	112467.56 	114885.62 	117800.71 	122302.52 	125914.3 	126386.94 	136321.45 	131389 	126589.91 
A,FR_LD,THS_T,BE2	60563 	59340 	62317 	67639 	66505 	68422 	76475 	78286 	89223 	92751 	101376 	102907 	91272 	100798 	102587 	101789 	104157 	111544 	112467.56 	114885.62 	117800.71 	122302.52 	125914.3 	126386.94 	136321.45 	131389 	126589.91 
A,FR_LD,THS_T,BE21	45150 	43551 	43921 	48072 	48322 	49300 	58073 	60097 	65208 	67877 	74618 	75463 	68550 	76156 	79727 	79556 	83017 	90749 	93447.29 	95407.34 	98603.31 	102808.48 	105332.71 	104288.37 	109782.57 	123540.78 	119205.55 
A,FR_LD,THS_T,BE23	3729 	3946 	5336 	4391 	3987 	4291 	4848 	3544 	6028 	5015 	4912 	5786 	4899 	6773 	6964 	6697 	6663 	6685 	6571.83 	7383.03 	7864.59 	7390.23 	7671.18 	7103.17 	6904.52 	7848.22 	7384.37 
A,FR_LD,THS_T,BE25	11684 	11844 	13060 	15176 	14196 	14831 	13554 	14645 	17987 	19859 	21846 	21658 	17824 	17869 	15896 	15536 	14477 	14110 	12448.44 	12095.25 	11332.81 	12103.81 	12910.4 	14995.41 	19634.36 	: 	: 
A,FR_LD,THS_T,BG	: 	: 	: 	: 	8266 	8784 	8661 	9511 	10548 	11263 	9047 	9785 	10095 	11099 	12149 	13290 	16338 	14936 	14543.78 	15569.51 	16768.78 	14821.89 	16227.39 	12723.26 	13502.81 	13995.8 	16282.32 
A,FR_LD,THS_T,BG3	: 	: 	: 	: 	8266 	8784 	8661 	9511 	10548 	11263 	9047 	9785 	10095 	11099 	12149 	13290 	16338 	14936 	14543.78 	15569.51 	16768.78 	14821.89 	16227.39 	12723.26 	13502.81 	13995.8 	16282.32 
A,FR_LD,THS_T,BG33	: 	: 	: 	: 	4017 	4757 	4369 	4703 	5612 	5432 	3830 	4595 	5053 	5998 	6726 	6994 	9496 	8111 	7789.17 	7964.52 	8462.74 	7378.19 	7814.9 	6430.7 	7287.07 	7103.35 	9009.9 
A,FR_LD,THS_T,BG34	: 	: 	: 	: 	4248 	4026 	4292 	4808 	4937 	5831 	5216 	5190 	5042 	5101 	5423 	6296 	6842 	6825 	6754.61 	7604.98 	8306.05 	7443.7 	8412.49 	6292.56 	6215.75 	6892.45 	7272.42 
A,FR_LD,THS_T,CY	: 	: 	: 	: 	: 	1601 	1593 	1264 	1271 	1384 	1193 	1235 	987 	906 	1081 	1237 	2483 	2479 	2546.64 	3692.55 	2471.45 	1926.57 	1837.1 	2098.22 	1815.29 	2124.96 	1660.63 
A,FR_LD,THS_T,CY0	: 	: 	: 	: 	: 	1601 	1593 	1264 	1271 	1384 	1193 	1235 	987 	906 	1081 	1237 	2483 	2479 	2546.64 	3692.55 	2471.45 	1926.57 	1837.1 	2098.22 	1815.29 	2124.96 	1660.63 
A,FR_LD,THS_T,CY00	: 	: 	: 	: 	: 	1601 	1593 	1264 	1271 	1384 	1193 	1235 	987 	906 	1081 	1237 	2483 	2479 	2546.64 	3692.55 	2471.45 	1926.57 	1837.1 	2098.22 	1815.29 	2124.96 	1660.63 
A,FR_LD,THS_T,DE	71512 	70755 	76686 	88312 	86994 	89426 	93912 	101231 	110575 	118410 	120935 	121891 	100831 	102956 	113031 	116652 	122625 	125296 	122756.09 	121911.96 	120006.65 	117730.18 	117065.92 	114787.41 	119032.42 	110980.05 	106000.6 
A,FR_LD,THS_T,DE1	: 	: 	: 	: 	: 	: 	: 	: 	: 	: 	: 	: 	: 	: 	: 	: 	: 	: 	: 	: 	0.15 	: 	: 	: 	: 	: 	: 
A,FR_LD,THS_T,DE11	: 	: 	: 	: 	: 	: 	: 	: 	: 	: 	: 	: 	: 	: 	: 	: 	: 	: 	: 	: 	0.15 	: 	: 	: 	: 	: 	: 
A,FR_LD,THS_T,DE5	11389 	11593 	12687 	16236 	17089 	17538 	18731 	20812 	22095 	25718 	27758 	29976 	25967 	28484 	33298 	35535 	33626 	33316 	30599.96 	31349.36 	30918.62 	31901.6 	29363.63 	28271.55 	28688.61 	26823.59 	24025.65 
A,FR_LD,THS_T,DE50	11389 	11593 	12687 	16236 	17089 	17538 	18731 	20812 	22095 	25718 	27758 	29976 	25967 	28484 	33298 	35535 	33626 	33316 	30599.96 	31349.36 	30918.62 	31901.6 	29363.63 	28271.55 	28688.61 	26823.59 	24025.65 
A,FR_LD,THS_T,DE6	25014 	25377 	28051 	30876 	31863 	33979 	36404 	39332 	44075 	46669 	47190 	48033 	40842 	42620 	47174 	48445 	52058 	54707 	52160.45 	50351.74 	49366.29 	47168.25 	49040.1 	47659.59 	46214.67 	42172.54 	41606.58 
A,FR_LD,THS_T,DE60	25014 	25377 	28051 	30876 	31863 	33979 	36404 	39332 	44075 	46669 	47190 	48033 	40842 	42620 	47174 	48445 	52058 	54707 	52160.45 	50351.74 	49366.29 	47168.25 	49040.1 	47659.59 	46214.67 	42172.54 	41606.58 
A,FR_LD,THS_T,DE7	: 	: 	: 	: 	: 	: 	: 	: 	: 	: 	: 	: 	: 	: 	: 	: 	: 	: 	2.29 	: 	0.8 	: 	: 	: 	: 	: 	: 
A,FR_LD,THS_T,DE71	: 	: 	: 	: 	: 	: 	: 	: 	: 	: 	: 	: 	: 	: 	: 	: 	: 	: 	2.29 	: 	0.8 	: 	: 	: 	: 	: 	: 
A,FR_LD,THS_T,DE8	10039 	8056 	8991 	9845 	10171 	9714 	10440 	10309 	11272 	12007 	11675 	12104 	10323 	10790 	10774 	10317 	12198 	12139 	13185.15 	13167.07 	12288.98 	12606.91 	12864.53 	13354.78 	14114.56 	13093.92 	12760.73 
A,FR_LD,THS_T,DE80	10039 	8056 	8991 	9845 	10171 	9714 	10440 	10309 	11272 	12007 	11675 	12104 	10323 	10790 	10774 	10317 	12198 	12139 	13185.15 	13167.07 	12288.98 	12606.91 	12864.53 	13354.78 	14114.56 	13093.92 	12760.73 
A,FR_LD,THS_T,DE9	12085 	13351 	15162 	17505 	13879 	13811 	14292 	16184 	17563 	17585 	16449 	13917 	10398 	6664 	6852 	7021 	8406 	8837 	11246.33 	10524.69 	11725 	11421.87 	11045.43 	10726.17 	13593.94 	12478.69 	12075.24 
A,FR_LD,THS_T,DE91	: 	: 	: 	: 	: 	: 	: 	: 	: 	: 	: 	: 	: 	: 	: 	: 	: 	: 	: 	: 	: 	: 	: 	: 	: 	: 	0.32 
A,FR_LD,THS_T,DE92	: 	: 	: 	: 	: 	: 	: 	: 	: 	: 	: 	: 	: 	: 	: 	: 	: 	: 	: 	: 	1.4 	: 	: 	: 	: 	: 	: 
A,FR_LD,THS_T,DE93	1528 	1622 	1768 	1773 	1711 	1734 	2018 	2354 	2570 	2751 	2893 	2713 	2692 	3198 	3074 	3007 	2944 	3037 	3134.92 	3092.09 	3183.04 	3141.89 	3177.66 	2861.97 	3004.33 	2638.21 	2653 
A,FR_LD,THS_T,DE94	10557 	11729 	13394 	15732 	12167 	12077 	12274 	13830 	14993 	14834 	13556 	11204 	7706 	3467 	3778 	4014 	5462 	5800 	8111.41 	7432.6 	8540.56 	8279.97 	7867.78 	7864.2 	10589.61 	9840.49 	9421.92 
A,FR_LD,THS_T,DEA	: 	: 	: 	1095 	1285 	1808 	1240 	1363 	1351 	1338 	1547 	1578 	: 	877 	540 	590 	809 	951 	1054.42 	1839.29 	668.65 	: 	: 	: 	: 	: 	: 
A,FR_LD,THS_T,DEA1	: 	: 	: 	1095 	1285 	1808 	1240 	1363 	1351 	1338 	1547 	1578 	: 	877 	540 	590 	795 	919 	1034.82 	1824.89 	666.66 	: 	: 	: 	: 	: 	: 
A,FR_LD,THS_T,DEA2	: 	: 	: 	: 	: 	: 	: 	: 	: 	: 	: 	: 	: 	: 	: 	: 	14 	31 	19.61 	13.2 	0.85 	: 	: 	: 	: 	: 	: 
A,FR_LD,THS_T,DEA3	: 	: 	: 	: 	: 	: 	: 	: 	: 	: 	: 	: 	: 	: 	: 	: 	: 	1 	: 	1.2 	1.15 	: 	: 	: 	: 	: 	: 
A,FR_LD,THS_T,DEB	: 	: 	: 	: 	: 	: 	: 	: 	: 	: 	: 	: 	: 	: 	: 	: 	20 	8 	2.33 	6.07 	16.86 	: 	: 	: 	: 	: 	: 
A,FR_LD,THS_T,DEB1	: 	: 	: 	: 	: 	: 	: 	: 	: 	: 	: 	: 	: 	: 	: 	: 	20 	8 	2.33 	6.07 	16.86 	: 	: 	: 	: 	: 	: 
A,FR_LD,THS_T,DEF	12985 	12379 	11794 	12755 	12708 	12575 	12805 	13230 	14219 	15091 	16316 	16284 	13302 	13521 	14393 	14745 	14853 	14796 	13942.89 	14176.53 	14982.25 	14546.06 	14747.89 	14772.54 	16418.83 	16262.92 	15319.16 
A,FR_LD,THS_T,DEF0	12985 	12379 	11794 	12755 	12708 	12575 	12805 	13230 	14219 	15091 	16316 	16284 	13302 	13521 	14393 	14745 	14853 	14796 	13942.89 	14176.53 	14982.25 	14546.06 	14747.89 	14772.54 	16418.83 	16262.92 	15319.16 
A,FR_LD,THS_T,DEZ	: 	: 	: 	: 	: 	: 	: 	: 	: 	: 	: 	: 	: 	: 	: 	: 	655 	544 	562.28 	497.21 	39.05 	85.5 	4.34 	2.77 	1.82 	148.39 	213.23 
A,FR_LD,THS_T,DEZZ	: 	: 	: 	: 	: 	: 	: 	: 	: 	: 	: 	: 	: 	: 	: 	: 	655 	544 	562.28 	497.21 	39.05 	85.5 	4.34 	2.77 	1.82 	148.39 	213.23 
A,FR_LD,THS_T,DK	45500 	39406 	35955 	37004 	36442 	38666 	40865 	40992 	41940 	43503 	44114 	41805 	36556 	35772 	36348 	34408 	33601 	31477 	35698.5 	35239.42 	35076.72 	34177.45 	33539.25 	32175.79 	34261.37 	32468.41 	30917.96 
A,FR_LD,THS_T,DK0	45500 	39406 	35955 	37004 	36442 	38666 	40865 	40992 	41940 	43503 	44114 	41805 	36556 	35772 	36348 	34408 	33601 	31477 	35698.5 	35239.42 	35076.72 	34177.45 	33539.25 	32175.79 	34261.37 	32468.41 	30917.96 
A,FR_LD,THS_T,DK01	5658 	6665 	5596 	5140 	4588 	4309 	4633 	4355 	4955 	5159 	5415 	5291 	4344 	4492 	4507 	4560 	4437 	4593 	4803.05 	5170.52 	5421.14 	5254.55 	5344.37 	4960.85 	5184.21 	5238.75 	5150.85 
A,FR_LD,THS_T,DK02	11948 	8855 	7327 	7816 	7482 	7928 	8319 	9207 	8713 	9457 	9985 	9305 	8328 	8542 	8273 	8444 	8734 	8875 	12305.21 	12163.32 	11370.28 	11436.88 	10672.37 	11319.34 	12200.95 	11725.47 	10414.36 
A,FR_LD,THS_T,DK03	20261 	16333 	15510 	16765 	16542 	18843 	20169 	19257 	19337 	19320 	19019 	17494 	16075 	14625 	15212 	13692 	13098 	10776 	10931.35 	9908.07 	9754.34 	9521.17 	9216.6 	7241.73 	8029.3 	7138.94 	7287.3 
A,FR_LD,THS_T,DK04	3826 	3785 	3683 	3705 	4011 	3684 	3794 	4077 	4365 	4692 	4894 	5334 	4381 	4722 	4828 	4227 	3859 	3461 	3652.65 	4085.95 	4274.67 	3990.8 	4153.59 	4571.24 	4942.15 	5111.87 	5043.79 
A,FR_LD,THS_T,DK05	3807 	3768 	3838 	3578 	3819 	3902 	3950 	4096 	4569 	4874 	4801 	4382 	3429 	3391 	3527 	3486 	3474 	3772 	4006.25 	3911.55 	4256.3 	3974.05 	4152.33 	4082.63 	3904.76 	3253.38 	3021.67 
A,FR_LD,THS_T,EE	: 	: 	: 	: 	: 	40957 	40694 	40767 	40894 	41568 	34786 	25718 	26626 	33257 	33897 	30101 	29889 	27753 	22602.01 	20624.65 	21433.49 	22675 	23495.83 	22935.65 	25479.38 	19201.37 	13148.91 
A,FR_LD,THS_T,EE0	: 	: 	: 	: 	: 	40957 	40694 	40767 	40894 	41568 	34786 	25718 	26626 	33257 	33897 	30101 	29889 	27753 	22602.01 	20624.65 	21433.49 	22675 	23495.83 	22935.65 	24361.12 	18030.23 	12315.04 
A,FR_LD,THS_T,EE00	: 	: 	: 	: 	: 	40957 	40694 	40767 	40894 	41568 	34786 	25718 	26626 	33257 	33897 	30101 	29889 	27753 	22602.01 	20624.65 	21433.49 	22675 	23495.83 	22935.65 	24361.12 	18030.23 	12315.04 
A,FR_LD,THS_T,EEZ	: 	: 	: 	: 	: 	: 	: 	: 	: 	: 	: 	: 	: 	: 	: 	: 	: 	: 	: 	: 	: 	: 	: 	: 	1118.26 	1171.15 	833.87 
A,FR_LD,THS_T,EEZZ	: 	: 	: 	: 	: 	: 	: 	: 	: 	: 	: 	: 	: 	: 	: 	: 	: 	: 	: 	: 	: 	: 	: 	: 	1118.26 	1171.15 	833.87 
A,FR_LD,THS_T,EL	41783 	44313 	45199 	47806 	43106 	47058 	59688 	57071 	55038 	55537 	55159 	51891 	46336 	43787 	48033 	58213 	65288 	68289 	68527.57 	73774.42 	76758.8 	82706.56 	83664.03 	76699.64 	77613.1 	70825.35 	76690.52 
A,FR_LD,THS_T,EL3	12151 	12900 	13177 	16659 	15839 	17111 	19487 	18168 	18118 	18753 	18284 	18588 	16965 	15370 	19239 	27444 	32371 	34128 	32243.73 	35872.65 	37953.32 	41913.21 	43129.3 	40082.61 	37997.88 	32577.62 	34358.63 
A,FR_LD,THS_T,EL30	12151 	12900 	13177 	16659 	15839 	17111 	19487 	18168 	18118 	18753 	18284 	18588 	16965 	15370 	19239 	27444 	32371 	34128 	32243.73 	35872.65 	37953.32 	41913.21 	43129.3 	40082.61 	37997.88 	32577.62 	34358.63 
A,FR_LD,THS_T,EL4	4943 	5570 	5585 	4598 	3240 	3346 	3328 	3539 	3603 	3820 	3762 	3602 	2666 	2544 	2595 	2442 	2343 	2130 	2595.56 	2639.36 	2751.55 	4121.53 	4040.66 	3725.18 	4212.75 	4258.03 	5579.48 
A,FR_LD,THS_T,EL41	357 	577 	524 	116 	: 	: 	: 	: 	: 	: 	: 	: 	: 	: 	: 	: 	: 	: 	: 	: 	: 	: 	: 	: 	: 	: 	114.17 
A,FR_LD,THS_T,EL42	3821 	3931 	3949 	3585 	2657 	2656 	2719 	2740 	2965 	3111 	3062 	2954 	1912 	1894 	1760 	1590 	1489 	1410 	1473.9 	1523.48 	1520.93 	2844.68 	2643.56 	2535.45 	2831.23 	2783.22 	3698.64 
A,FR_LD,THS_T,EL43	765 	1062 	1112 	897 	583 	689 	610 	799 	638 	709 	701 	648 	754 	650 	834 	852 	854 	721 	1121.66 	1115.88 	1230.63 	1276.85 	1397.09 	1189.73 	1381.52 	1474.8 	1766.67 
A,FR_LD,THS_T,EL5	5094 	5009 	5110 	5348 	4697 	5017 	6093 	6354 	6680 	6844 	7152 	6302 	5699 	6379 	5889 	6129 	6379 	6898 	7903.71 	8345.09 	9219.58 	9011.33 	9284.64 	9110.9 	9804.83 	9078.2 	10097.78 
A,FR_LD,THS_T,EL51	1498 	1050 	1070 	1276 	898 	987 	871 	864 	837 	1019 	820 	928 	952 	985 	848 	731 	892 	852 	1609.29 	2051.7 	2220.82 	2153.63 	2218.78 	1899.17 	1805.37 	1882.21 	2343.86 
A,FR_LD,THS_T,EL52	3175 	3048 	3110 	3447 	3222 	2919 	3201 	3832 	4098 	3898 	4214 	3632 	3042 	3933 	3721 	4205 	4133 	4644 	4722.53 	4665.86 	5417.19 	5065.04 	5175.93 	5457.93 	5930.42 	5057.31 	5439.25 
A,FR_LD,THS_T,EL54	421 	911 	929 	625 	577 	1111 	2021 	1657 	1746 	1927 	2119 	1742 	1705 	1461 	1321 	1193 	1355 	1402 	1571.9 	1627.54 	1581.57 	1792.66 	1889.93 	1753.79 	2069.04 	2138.69 	2314.68 
A,FR_LD,THS_T,EL6	18967 	19808 	20510 	21200 	19330 	21584 	30779 	29010 	26637 	26120 	25961 	23399 	21006 	19494 	20309 	22197 	24196 	25133 	25784.57 	26917.32 	26834.36 	27660.48 	27209.43 	23780.95 	25597.63 	24911.5 	26558.6 
A,FR_LD,THS_T,EL61	4157 	3885 	3966 	4663 	5532 	6111 	6662 	6176 	6861 	7684 	7977 	6802 	6414 	4665 	3684 	4497 	5050 	4639 	4961.7 	5521.27 	5042.35 	5076.77 	5130.48 	4650.67 	4898.23 	4645.61 	4656.81 
A,FR_LD,THS_T,EL62	84 	507 	522 	120 	: 	: 	: 	: 	395 	289 	529 	318 	137 	108 	: 	: 	: 	: 	: 	: 	: 	: 	320.16 	221.79 	294.58 	379.01 	1013.61 
A,FR_LD,THS_T,EL63	2089 	2161 	2227 	1730 	1535 	3452 	10713 	7881 	4465 	4177 	4200 	4045 	3878 	3622 	3093 	2906 	2809 	2991 	2839.41 	3258.03 	2853.95 	3125.15 	3636.43 	3468.96 	4059.03 	3837.38 	3972.22 
A,FR_LD,THS_T,EL64	7477 	7276 	7695 	8750 	7920 	7120 	8093 	8597 	8767 	7773 	7293 	6339 	3396 	3590 	4952 	5177 	6303 	6897 	7194.51 	7550.05 	7337.33 	7661.99 	6405.02 	5126.85 	4323.85 	4621.73 	4959.51 
A,FR_LD,THS_T,EL65	5160 	5979 	6100 	5937 	4343 	4901 	5310 	6356 	6149 	6196 	5961 	5895 	7182 	7511 	8580 	9617 	10032 	10605 	10788.95 	10587.98 	11600.74 	11796.58 	11717.34 	10312.68 	12021.94 	11427.78 	11956.46 
A,FR_LD,THS_T,ELZ	627 	1026 	818 	: 	: 	: 	: 	: 	: 	: 	: 	: 	: 	: 	: 	: 	: 	: 	: 	: 	: 	: 	: 	: 	: 	: 	96.03 
A,FR_LD,THS_T,ELZZ	627 	1026 	818 	: 	: 	: 	: 	: 	: 	: 	: 	: 	: 	: 	: 	: 	: 	: 	: 	: 	: 	: 	: 	: 	: 	: 	96.03 
A,FR_LD,THS_T,ES	: 	: 	: 	77746 	85583 	84877 	93848 	103691 	109446 	115742 	120951 	126083 	114776 	124158 	145801 	157785 	155885 	174294 	191809.74 	197464.32 	211545.07 	211603.65 	195681.51 	190177.33 	196296.13 	190115.38 	184495.79 
A,FR_LD,THS_T,ES1	: 	: 	: 	8807 	9809 	10339 	10627 	10823 	11612 	12057 	12489 	12506 	11128 	13021 	13266 	14455 	16333 	15449 	26218.15 	26658.04 	27586.12 	27173.01 	18254.8 	18707.01 	18036.59 	20155.25 	21096.16 
A,FR_LD,THS_T,ES11	: 	: 	: 	5297 	5073 	5413 	5383 	5895 	6287 	6284 	6695 	6663 	5908 	6876 	7073 	7787 	8569 	7890 	17937.62 	18037.04 	18858.4 	18708.65 	9316.27 	8616.22 	8925.4 	10635.79 	10332.53 
A,FR_LD,THS_T,ES12	: 	: 	: 	2260 	3620 	3842 	4069 	3650 	3861 	4361 	4383 	4366 	3850 	4425 	4371 	4797 	5690 	5410 	6223.66 	6573.68 	6642.83 	6159.14 	6396.05 	7712.81 	6290.66 	6989.45 	8127.13 
A,FR_LD,THS_T,ES13	: 	: 	: 	1250 	1116 	1084 	1174 	1278 	1464 	1412 	1411 	1477 	1370 	1721 	1823 	1870 	2073 	2149 	2056.87 	2047.32 	2084.89 	2305.21 	2542.49 	2377.99 	2820.53 	2530.01 	2636.5 
A,FR_LD,THS_T,ES2	: 	: 	: 	7500 	8063 	7547 	8721 	9358 	9457 	10189 	10495 	11151 	9790 	10759 	11044 	10618 	10909 	12054 	12577.58 	12681.6 	12845.68 	13638.04 	13026.11 	10801.38 	11409.29 	11675.61 	11004.81 
A,FR_LD,THS_T,ES21	: 	: 	: 	7500 	8063 	7547 	8721 	9358 	9457 	10189 	10495 	11151 	9790 	10759 	11044 	10618 	10909 	12054 	12577.58 	12681.6 	12845.68 	13638.04 	13026.11 	10801.38 	11409.29 	11675.61 	11004.81 
A,FR_LD,THS_T,ES5	: 	: 	: 	27249 	31967 	31848 	35447 	39266 	40905 	43026 	46124 	49565 	49213 	52966 	57211 	59546 	60598 	66574 	71053.67 	71446.03 	78498 	75876.72 	76008.04 	73200.84 	79284.14 	75088.76 	69828.39 
A,FR_LD,THS_T,ES51	: 	: 	: 	14480 	14708 	12766 	15354 	17624 	17591 	19313 	22206 	22496 	21740 	22073 	24085 	24287 	24024 	28253 	27922.96 	27472.36 	32170.77 	33050.39 	32067.38 	29008.6 	33787.78 	33667.2 	30949.83 
A,FR_LD,THS_T,ES52	: 	: 	: 	11028 	15402 	17110 	17763 	19172 	20416 	20912 	23025 	26259 	26804 	30241 	32378 	34344 	35559 	37260 	42115.53 	42806.02 	45159.74 	41601.37 	42724.68 	43308.8 	44560.08 	40410.32 	37797.8 
A,FR_LD,THS_T,ES53	: 	: 	: 	1741 	1857 	1973 	2330 	2470 	2899 	2801 	893 	810 	669 	651 	747 	915 	1014 	1061 	1015.19 	1167.65 	1167.49 	1224.96 	1215.98 	883.44 	936.28 	1011.23 	1080.76 
A,FR_LD,THS_T,ES6	: 	: 	: 	27372 	28753 	28034 	30435 	34547 	36964 	39753 	40556 	41642 	35414 	37951 	53665 	62743 	59120 	71466 	72838.7 	77581.01 	81971.36 	84806.37 	78256.95 	77883.61 	76562.03 	72824.82 	71825.64 
A,FR_LD,THS_T,ES61	: 	: 	: 	25280 	26446 	26280 	28342 	31968 	33902 	36778 	37898 	37721 	32875 	35609 	49936 	54112 	50641 	61612 	63407.45 	68285.78 	70941.97 	74742.25 	68557.41 	68031.95 	67164.36 	63842.25 	60789.32 
A,FR_LD,THS_T,ES62	: 	: 	: 	1668 	1881 	1284 	1684 	2119 	2577 	2455 	2365 	3503 	2349 	2130 	3500 	8422 	8295 	9664 	9261.32 	9093.46 	10793.38 	9906.25 	9569.76 	9732.5 	9299.67 	8882.36 	10934.77 
A,FR_LD,THS_T,ES63	: 	: 	: 	286 	294 	335 	275 	327 	349 	507 	279 	401 	177 	197 	216 	199 	173 	177 	156.53 	189.16 	217.94 	138.98 	103.87 	93.13 	71.12 	78.99 	81 
A,FR_LD,THS_T,ES64	: 	: 	: 	138 	132 	136 	133 	133 	137 	13 	15 	16 	12 	15 	12 	11 	11 	14 	13.4 	12.62 	18.07 	18.89 	25.92 	26.04 	26.88 	21.22 	20.55 
A,FR_LD,THS_T,ES7	: 	: 	: 	6818 	6990 	7108 	8619 	9697 	10507 	10716 	11288 	11220 	9231 	9460 	10615 	10421 	8925 	8751 	9121.64 	9097.64 	10643.9 	10109.51 	10135.6 	9584.48 	11004.1 	10370.94 	10740.79 
A,FR_LD,THS_T,ES70	: 	: 	: 	6818 	6990 	7108 	8619 	9697 	10507 	10716 	11288 	11220 	9231 	9460 	10615 	10421 	8925 	8751 	9121.64 	9097.64 	10643.9 	10109.51 	10135.6 	9584.48 	11004.1 	10370.94 	10740.79 
A,FR_LD,THS_T,FI	33500 	34980 	35613 	36891 	41997 	44205 	43730 	44772 	41843 	46938 	47753 	49022 	41861 	48465 	51298 	49036 	50231 	51843 	48812.37 	51909.82 	55815.45 	58539.74 	61750.64 	55788.19 	53721.12 	50197.97 	45487.01 
A,FR_LD,THS_T,FI1	32549 	34033 	34610 	35900 	40880 	43165 	42667 	43638 	40887 	46061 	46902 	48214 	41340 	47785 	50558 	48432 	49617 	50797 	47665.67 	51311.79 	55237.57 	58106.48 	61378.14 	55297.02 	53211.37 	50176.36 	45487.01 
A,FR_LD,THS_T,FI19	5877 	6035 	6449 	6610 	6573 	6904 	7003 	7202 	6397 	7068 	7250 	7673 	6291 	6767 	6965 	6618 	6815 	6421 	6497.69 	6570.63 	6977.44 	7911.07 	7613.42 	6052.99 	7315.47 	6418.49 	6082.06 
A,FR_LD,THS_T,FI1B	9808 	10832 	11216 	12299 	14721 	16191 	15875 	16570 	15495 	17698 	18156 	18389 	16056 	17134 	17823 	18005 	18373 	18444 	17695.68 	19922.19 	21045.16 	22310.3 	23909.94 	22530.37 	20614.99 	21408.56 	20402.26 
A,FR_LD,THS_T,FI1C	13017 	12635 	12196 	12278 	14886 	15344 	15046 	14742 	13719 	14343 	14840 	14534 	11745 	15537 	16238 	14528 	14261 	14510 	14845.13 	15086.93 	16589.94 	17485.54 	20439.19 	17705.91 	16388.79 	15766.59 	13291.39 
A,FR_LD,THS_T,FI1D	3847 	4531 	4750 	4713 	4700 	4726 	4743 	5125 	5275 	6952 	6655 	7618 	7248 	8346 	9531 	9282 	10168 	11423 	8627.17 	9732.03 	10625.03 	10399.56 	9415.59 	9007.75 	8892.12 	6582.71 	5711.3 
A,FR_LD,THS_T,FIZ	951 	947 	1003 	992 	1117 	1040 	1063 	1133 	957 	877 	850 	808 	521 	680 	741 	604 	614 	1045 	1146.71 	598.03 	577.88 	433.27 	372.5 	491.17 	509.75 	21.62 	: 
A,FR_LD,THS_T,FIZZ	951 	947 	1003 	992 	1117 	1040 	1063 	1133 	957 	877 	850 	808 	521 	680 	741 	604 	614 	1045 	1146.71 	598.03 	577.88 	433.27 	372.5 	491.17 	509.75 	21.62 	: 
A,FR_LD,THS_T,FR	: 	80338 	83178 	90208 	83700 	83865 	90357 	90655 	95171 	97043 	97333 	101174 	96658 	97064 	98848 	95280 	97049 	96899 	100320.96 	50330.91 	94666.46 	100586.61 	96151.54 	89435.19 	87640.34 	87350.19 	82750.93 
A,FR_LD,THS_T,FRD	: 	27688 	30159 	29389 	28995 	28153 	32468 	31871 	33392 	33915 	34432 	36174 	34094 	35640 	32924 	29525 	33176 	32200 	34356.15 	17386.4 	32301.9 	34406.86 	33163.67 	29355.4 	30747.99 	32199.69 	30171.64 
A,FR_LD,THS_T,FRD1	: 	2284 	2226 	2200 	2036 	2172 	2512 	2689 	2403 	2413 	2472 	2248 	1824 	2088 	1819 	1734 	1894 	1617 	1785.67 	1010.22 	1658.95 	1785.68 	1188.29 	1244.95 	1020.58 	2182.51 	1790.27 
A,FR_LD,THS_T,FRD2	: 	25404 	27933 	27189 	26959 	25982 	29956 	29182 	30989 	31502 	31960 	33926 	32269 	33552 	31104 	27791 	31282 	30583 	32570.48 	16376.18 	30642.95 	32621.18 	31975.38 	28110.46 	29727.41 	30017.18 	28381.36 
A,FR_LD,THS_T,FRE	: 	17680 	18783 	25552 	20545 	21053 	22082 	22317 	24173 	25694 	24923 	24985 	23200 	21534 	23722 	22311 	21910 	23649 	23639.14 	12202.42 	22466.04 	23037.93 	22338.52 	21988.75 	23690.89 	18889.81 	19289.2 
A,FR_LD,THS_T,FRE1	: 	17680 	18783 	25552 	20545 	21053 	22082 	22317 	24173 	25694 	24923 	24985 	23200 	21534 	23722 	22311 	21910 	23649 	23639.14 	12202.42 	22466.04 	23037.93 	22338.52 	21988.75 	23690.89 	18889.81 	19289.2 
A,FR_LD,THS_T,FRG	: 	6381 	5595 	6202 	5999 	5744 	6167 	6974 	7573 	7100 	7724 	7620 	7206 	8126 	8753 	9309 	8918 	8965 	8975.01 	4305.31 	9156.91 	10543.97 	7937.56 	7255.61 	3564.46 	6997.15 	7366.38 
A,FR_LD,THS_T,FRG0	: 	6381 	5595 	6202 	5999 	5744 	6167 	6974 	7573 	7100 	7724 	7620 	7206 	8126 	8753 	9309 	8918 	8965 	8975.01 	4305.31 	9156.91 	10543.97 	7937.56 	7255.61 	3564.46 	6997.15 	7366.38 
A,FR_LD,THS_T,FRH	: 	713 	744 	711 	684 	837 	870 	902 	845 	824 	822 	822 	801 	1062 	1012 	813 	1300 	1080 	808.05 	537.74 	714.39 	853.44 	787.08 	693.41 	821.04 	837.11 	809.82 
A,FR_LD,THS_T,FRH0	: 	713 	744 	711 	684 	837 	870 	902 	845 	824 	822 	822 	801 	1062 	1012 	813 	1300 	1080 	808.05 	537.74 	714.39 	853.44 	787.08 	693.41 	821.04 	837.11 	809.82 
A,FR_LD,THS_T,FRI	: 	8343 	9000 	8143 	7627 	7936 	8061 	6823 	6610 	6229 	6016 	7385 	8224 	8781 	8387 	7306 	8550 	7913 	8122.39 	3903.67 	6250.45 	6798.77 	6922.58 	6946.8 	6105.49 	6598.94 	5548.46 
A,FR_LD,THS_T,FRI1	: 	5704 	5742 	5360 	5444 	5276 	4837 	4645 	4340 	4113 	3860 	4271 	5111 	5107 	4717 	3894 	4011 	3525 	3528.4 	1558.53 	2901.03 	2659.96 	2574.5 	2693.99 	2721.32 	2389.45 	2154.03 
A,FR_LD,THS_T,FRI3	: 	2639 	3258 	2783 	2183 	2660 	3224 	2178 	2270 	2115 	2156 	3113 	3113 	3675 	3670 	3412 	4539 	4389 	4594 	2345.14 	3349.43 	4138.81 	4348.08 	4252.8 	3384.17 	4209.49 	3394.43 
A,FR_LD,THS_T,FRJ	: 	1510 	1400 	1496 	1399 	1389 	1350 	1246 	1319 	1386 	1132 	1143 	1033 	1329 	1678 	1311 	1390 	1108 	1242.7 	492.19 	1320.64 	1132.93 	1220.76 	1316.06 	1272.46 	1424.68 	1438.08 
A,FR_LD,THS_T,FRJ1	: 	1510 	1400 	1496 	1399 	1389 	1350 	1246 	1319 	1386 	1132 	1143 	1033 	1329 	1678 	1311 	1390 	1108 	1242.7 	492.19 	1320.64 	1132.93 	1220.76 	1316.06 	1272.46 	1424.68 	1438.08 
A,FR_LD,THS_T,FRL	: 	16419 	15941 	16956 	16875 	17236 	17568 	18669 	19230 	19180 	19078 	19445 	18680 	18251 	20061 	22293 	19638 	19538 	20973.34 	10221.8 	20039.04 	21370.72 	20661.89 	19735.76 	18751.92 	17923.87 	15783.54 
A,FR_LD,THS_T,FRL0	: 	16419 	15941 	16956 	16875 	17236 	17568 	18669 	19230 	19180 	19078 	19445 	18680 	18251 	20061 	22293 	19638 	19538 	20973.34 	10221.8 	20039.04 	21370.72 	20661.89 	19735.76 	18751.92 	17923.87 	15783.54 
A,FR_LD,THS_T,FRM	: 	: 	: 	: 	: 	: 	: 	: 	: 	709 	1032 	1188 	1324 	198 	270 	149 	153 	152 	145.7 	64.49 	108 	236.6 	766.95 	198.32 	187.71 	184.09 	176.03 
A,FR_LD,THS_T,FRM0	: 	: 	: 	: 	: 	: 	: 	: 	: 	709 	1032 	1188 	1324 	198 	270 	149 	153 	152 	145.7 	64.49 	108 	236.6 	766.95 	198.32 	187.71 	184.09 	176.03 
A,FR_LD,THS_T,FRY	: 	1603 	1557 	1759 	1577 	1516 	1791 	1853 	2029 	2007 	2176 	2413 	2095 	2145 	2043 	2263 	2013 	2292 	2058.48 	1216.87 	2309.08 	2205.38 	2352.53 	1945.08 	2498.38 	2294.85 	2167.8 
A,FR_LD,THS_T,FRY1	: 	325 	428 	414 	389 	349 	471 	424 	513 	643 	691 	845 	502 	503 	612 	781 	744 	684 	663.19 	328.49 	686.03 	673.43 	486.82 	398.31 	790.46 	800.64 	675.41 
A,FR_LD,THS_T,FRY2	: 	811 	727 	863 	716 	751 	826 	843 	985 	895 	925 	903 	1011 	938 	856 	901 	788 	1056 	910.19 	431.9 	640.83 	682.21 	696.31 	534.83 	372.89 	624.76 	758.91 
A,FR_LD,THS_T,FRY4	: 	468 	403 	482 	473 	417 	494 	586 	531 	469 	560 	664 	583 	704 	575 	581 	481 	552 	485.1 	456.48 	982.23 	849.75 	1169.4 	1011.94 	1335.03 	869.44 	733.47 
A,FR_LD,THS_T,HR	: 	: 	: 	: 	: 	: 	: 	: 	6862 	6750 	8715 	8340 	7742 	7753 	6387 	5726 	6069 	5322 	4640.89 	4390.46 	5146.62 	4824 	4609.51 	5812.72 	5765.7 	5715.73 	5618.3 
A,FR_LD,THS_T,HR0	: 	: 	: 	: 	: 	: 	: 	: 	6862 	6750 	8715 	8340 	7742 	7753 	6387 	5726 	6069 	5322 	4640.89 	4390.46 	5146.62 	4824 	4609.51 	5812.72 	5765.7 	5715.73 	5618.3 
A,FR_LD,THS_T,HR03	: 	: 	: 	: 	: 	: 	: 	: 	6862 	6750 	8715 	8340 	7742 	7753 	6387 	5726 	6069 	5322 	4640.89 	4390.46 	5146.62 	4824 	4609.51 	5812.72 	5765.7 	5715.73 	5618.3 
A,FR_LD,THS_T,IE	8500 	8953 	9294 	10415 	10214 	11487 	11723 	11703 	13080 	13224 	13544 	13393 	12695 	14186 	15069 	16240 	15097 	16126 	16841.3 	16812.2 	17497.06 	17562.44 	17418.81 	16903.81 	16990.96 	16656.36 	15852.32 
A,FR_LD,THS_T,IE0	8500 	8953 	9294 	10415 	10214 	11487 	11723 	11703 	13080 	13224 	13544 	13393 	12695 	14186 	15069 	16240 	15097 	16126 	16841.3 	16812.2 	17497.06 	17562.44 	17418.81 	16903.81 	16990.96 	16656.36 	15852.32 
A,FR_LD,THS_T,IE04	: 	: 	: 	: 	263 	278 	252 	304 	297 	250 	152 	164 	78 	125 	213 	616 	747 	972 	868.61 	741.47 	513.13 	583.03 	682.58 	552.44 	510.22 	418.76 	558.89 
A,FR_LD,THS_T,IE05	4560 	4894 	4551 	5232 	5317 	6600 	6382 	6032 	7050 	6845 	6963 	6713 	6675 	7263 	7658 	8189 	7196 	7510 	7972.37 	7399.09 	7876.68 	7569.05 	7394.6 	7189.73 	8080.29 	7560.48 	7238.37 
A,FR_LD,THS_T,IE06	3940 	4060 	4743 	5183 	4635 	4608 	5089 	5367 	5733 	6129 	6428 	6516 	5942 	6798 	7198 	7435 	7154 	7644 	8000.32 	8671.64 	9107.25 	9410.35 	9341.64 	9161.64 	8400.45 	8677.12 	8055.07 
A,FR_LD,THS_T,IT	132782 	133691 	127524 	122550 	116502 	128248 	136407 	141545 	156171 	157340 	170084 	163518 	149588 	165559 	167917 	166982 	155502 	155984 	162669.3 	163302.23 	167368.16 	185389.21 	189855.35 	173327.37 	176101.63 	180436.68 	189774.91 
A,FR_LD,THS_T,ITC	13338 	16472 	16899 	16427 	15953 	16096 	17629 	17518 	18117 	18719 	21231 	21438 	22867 	20304 	20836 	21562 	21317 	22200 	26128.86 	28172.64 	31376.13 	31878.52 	32533.21 	28795.59 	30272.67 	27574.43 	31801.41 
A,FR_LD,THS_T,ITC3	13338 	16472 	16899 	16427 	15953 	16096 	17629 	17518 	18117 	18719 	21231 	21438 	22867 	20304 	20836 	21562 	21317 	22200 	26128.86 	28172.64 	31376.13 	31878.52 	32533.21 	28795.59 	30272.67 	27574.43 	31801.41 
A,FR_LD,THS_T,ITF	32781 	28091 	26632 	30229 	28604 	33364 	35837 	39104 	42647 	44794 	46529 	44640 	38706 	45401 	43357 	42774 	36665 	39369 	36216.47 	37940.1 	37069.56 	39606.23 	34692.17 	37949.16 	34493.17 	38147.26 	45473.45 
A,FR_LD,THS_T,ITF1	73 	121 	217 	108 	105 	126 	74 	58 	63 	86 	75 	104 	56 	56 	97 	89 	49 	111 	68.55 	137.03 	123.63 	152.13 	106.96 	138.68 	106.22 	139.25 	127.94 
A,FR_LD,THS_T,ITF2	614 	: 	: 	: 	: 	: 	: 	: 	: 	: 	: 	: 	: 	: 	: 	: 	: 	: 	: 	: 	: 	: 	: 	: 	: 	: 	: 
A,FR_LD,THS_T,ITF3	8826 	7194 	5981 	5721 	5565 	5965 	6605 	5494 	5353 	5733 	7209 	6086 	5699 	7182 	6126 	6091 	6233 	7885 	9210.81 	9305.58 	9564.66 	9570.2 	10029.33 	11896.66 	10765.3 	10597.43 	9394.98 
A,FR_LD,THS_T,ITF4	16162 	14782 	12378 	13502 	12548 	14442 	16162 	18863 	22110 	24369 	23680 	23156 	16084 	17584 	20314 	19304 	12720 	14046 	10582.98 	12483.89 	12605.6 	13394.91 	12434.41 	11182.28 	7957.21 	10258.27 	12538.98 
A,FR_LD,THS_T,ITF6	7106 	5993 	8056 	10898 	10387 	12832 	12997 	14689 	15121 	14607 	15566 	15293 	16867 	20579 	16821 	17291 	17663 	17327 	16354.13 	16013.6 	14775.68 	16489 	12121.48 	14731.55 	15664.44 	17152.3 	23411.55 
A,FR_LD,THS_T,ITG	56549 	59369 	53668 	48671 	46060 	51425 	56759 	59495 	64288 	61322 	65971 	63536 	52872 	62545 	66682 	64731 	62934 	58674 	57826.31 	55560.69 	56805.08 	62953.06 	68208 	56440.76 	62263.21 	62804.79 	69564.35 
A,FR_LD,THS_T,ITG1	32698 	35515 	31826 	30603 	30146 	34039 	37149 	38088 	43696 	38392 	41908 	37986 	30120 	41089 	43274 	41107 	38550 	36452 	33322.74 	31180.39 	35168.37 	39335.52 	41115.04 	37380.93 	40472.27 	39924.38 	44169.55 
A,FR_LD,THS_T,ITG2	23851 	23853 	21842 	18069 	15914 	17386 	19610 	21407 	20593 	22929 	24062 	25550 	22752 	21456 	23408 	23624 	24384 	22223 	24503.58 	24380.3 	21636.71 	23617.53 	27092.96 	19059.83 	21790.94 	22880.41 	25394.81 
A,FR_LD,THS_T,ITH	12522 	12424 	12336 	12828 	11769 	12612 	11177 	11267 	12485 	14420 	13961 	15538 	14886 	16696 	15844 	17334 	16463 	17425 	20724.3 	19028.17 	19958.5 	26164.82 	26424.24 	24118.01 	20601.56 	23070.95 	15817.42 
A,FR_LD,THS_T,ITH3	4401 	4220 	4182 	4622 	4112 	4155 	3792 	4067 	4718 	5608 	5363 	5727 	5210 	5539 	5304 	5725 	5835 	4590 	7776.24 	6493.31 	6156.07 	7077.97 	7951.29 	7052.45 	4967.37 	5153.41 	5074.34 
A,FR_LD,THS_T,ITH4	5269 	5299 	5682 	5362 	4952 	5362 	4358 	4332 	4730 	5571 	5261 	5922 	5505 	8339 	8177 	8601 	7473 	8449 	9140.06 	7422.31 	8029.69 	13367.94 	12242.37 	11950.4 	12050.57 	13170.58 	7011.16 
A,FR_LD,THS_T,ITH5	2852 	2905 	2473 	2845 	2705 	3095 	3027 	2869 	3037 	3241 	3337 	3888 	4170 	2817 	2363 	3009 	3154 	4385 	3808.01 	5112.55 	5772.73 	5718.91 	6230.58 	5115.16 	3583.62 	4746.97 	3731.93 
A,FR_LD,THS_T,ITI	17592 	17335 	17989 	14395 	14117 	14750 	15005 	14160 	16907 	16882 	21457 	17668 	17898 	20297 	21168 	20581 	17990 	18208 	21771.54 	22560.48 	22123.88 	24759.58 	26793.83 	26018.49 	28464.91 	28797.47 	26655.94 
A,FR_LD,THS_T,ITI1	10722 	10165 	10899 	9561 	9638 	10427 	10217 	9494 	11238 	11140 	14507 	10482 	11229 	12993 	13644 	12711 	12042 	11396 	14088.07 	14652.34 	14140.9 	15825.28 	18432.04 	18009.79 	18538.49 	19583.72 	18601.19 
A,FR_LD,THS_T,ITI3	3103 	3317 	3762 	2811 	2596 	2627 	2700 	2504 	2785 	2743 	3595 	4113 	3895 	4002 	3495 	3005 	2529 	3382 	3973.36 	4115.13 	4189.89 	4538.72 	4270.35 	3736.31 	4244.31 	3990.87 	3132.09 
A,FR_LD,THS_T,ITI4	3768 	3852 	3328 	2023 	1882 	1696 	2087 	2161 	2884 	2999 	3356 	3073 	2774 	3302 	4030 	4866 	3419 	3430 	3710.11 	3793.01 	3793.09 	4395.58 	4091.44 	4272.38 	5682.11 	5222.88 	4922.65 
A,FR_LD,THS_T,ITZ	: 	: 	: 	: 	: 	: 	: 	: 	1727 	1203 	935 	698 	2360 	316 	29 	: 	133 	108 	1.81 	40.17 	35.01 	27 	1203.91 	5.36 	6.12 	41.77 	462.33 
A,FR_LD,THS_T,ITZZ	: 	: 	: 	: 	: 	: 	: 	: 	1727 	1203 	935 	698 	2360 	316 	29 	: 	133 	108 	1.81 	40.17 	35.01 	27 	1203.91 	5.36 	6.12 	41.77 	462.33 
A,FR_LD,THS_T,LT	: 	: 	: 	: 	17478 	20616 	26146 	21470 	21435 	18769 	18346 	21020 	20605 	22422 	26630 	25261 	23621 	27065 	28512.96 	29518.97 	31541.03 	34007.93 	32865.66 	33262.57 	30624.67 	19292.37 	17144.58 
A,FR_LD,THS_T,LT0	: 	: 	: 	: 	17478 	20616 	26146 	21470 	21435 	18769 	18346 	21020 	20605 	22422 	26630 	25261 	23621 	27065 	28512.96 	29518.97 	31541.03 	34007.93 	32865.66 	33262.57 	30624.67 	19292.37 	17144.58 
A,FR_LD,THS_T,LT02	: 	: 	: 	: 	17478 	20616 	26146 	21470 	21435 	18769 	18346 	21020 	20605 	22422 	26630 	25261 	23621 	27065 	28512.96 	29518.97 	31541.03 	34007.93 	32865.66 	33262.57 	30624.67 	19292.37 	17144.58 
A,FR_LD,THS_T,LV	: 	: 	: 	: 	53525 	47670 	50094 	50242 	53975 	49205 	52204 	54068 	54501 	52166 	58212 	63016 	58233 	61990 	59927.98 	53202 	50453.68 	52827.04 	48792.25 	31839.6 	28862.76 	30644.07 	22936.68 
A,FR_LD,THS_T,LV0	: 	: 	: 	: 	53525 	47670 	50094 	50242 	53975 	49205 	52204 	54068 	54501 	52166 	58212 	63016 	58233 	61990 	59927.98 	53202 	50453.68 	52827.04 	48792.25 	31839.6 	28862.76 	30644.07 	22936.68 
A,FR_LD,THS_T,LV00	: 	: 	: 	: 	53525 	47670 	50094 	50242 	53975 	49205 	52204 	54068 	54501 	52166 	58212 	63016 	58233 	61990 	59927.98 	53202 	50453.68 	52827.04 	48792.25 	31839.6 	28862.76 	30644.07 	22936.68 
A,FR_LD,THS_T,ME	: 	: 	: 	: 	: 	: 	: 	: 	: 	: 	: 	: 	: 	: 	: 	: 	: 	: 	: 	: 	: 	776 	1019 	1148 	964 	1828 	: 
A,FR_LD,THS_T,ME0	: 	: 	: 	: 	: 	: 	: 	: 	: 	: 	: 	: 	: 	: 	: 	: 	: 	: 	: 	: 	: 	776 	1019 	1148 	964 	1828 	: 
A,FR_LD,THS_T,ME00	: 	: 	: 	: 	: 	: 	: 	: 	: 	: 	: 	: 	: 	: 	: 	: 	: 	: 	: 	: 	: 	776 	1019 	1148 	964 	1828 	: 
A,FR_LD,THS_T,MT	: 	: 	: 	: 	: 	: 	441 	447 	182 	230 	151 	183 	164 	193 	217 	242 	260 	302 	288.97 	415.58 	434.85 	527.2 	634.84 	375.67 	398.66 	398.26 	1066.57 
A,FR_LD,THS_T,MT0	: 	: 	: 	: 	: 	: 	441 	447 	182 	230 	151 	183 	164 	193 	217 	242 	260 	302 	288.97 	415.58 	434.85 	527.2 	634.84 	375.67 	398.66 	398.26 	1066.57 
A,FR_LD,THS_T,MT00	: 	: 	: 	: 	: 	: 	441 	447 	182 	230 	151 	183 	164 	193 	217 	242 	260 	302 	288.97 	415.58 	434.85 	527.2 	634.84 	375.67 	398.66 	398.26 	1066.57 
A,FR_LD,THS_T,NL	88115 	84583 	91465 	89125 	87758 	94585 	91238 	100882 	109378 	117913 	129850 	133122 	139976 	152031 	163664 	171329 	171447 	174824 	175676.38 	180900.89 	184476.29 	186147.6 	187397.32 	180382.12 	183060.07 	172721.3 	164261.29 
A,FR_LD,THS_T,NL1	1817 	1988 	1773 	2060 	2163 	2008 	1838 	1628 	2159 	2072 	2159 	2248 	1748 	2831 	2264 	2162 	2297 	2002 	2461.84 	2185.75 	2324.64 	2374.07 	1905.87 	1962.61 	2201.66 	1813.17 	1894.16 
A,FR_LD,THS_T,NL11	1462 	1450 	1321 	1579 	1714 	1518 	1355 	1288 	1707 	1543 	1606 	1702 	1314 	2407 	2210 	2084 	2169 	1846 	2304.23 	2024.83 	2171.09 	2185.29 	1729.45 	1795.61 	1980.37 	1591.41 	1709.2 
A,FR_LD,THS_T,NL12	355 	538 	452 	480 	450 	490 	483 	340 	452 	529 	553 	545 	434 	424 	54 	78 	128 	156 	157.61 	160.92 	153.55 	188.78 	176.42 	167 	221.3 	221.77 	184.97 
A,FR_LD,THS_T,NL3	85707 	81724 	88828 	85724 	84002 	91038 	88141 	98125 	106196 	114741 	126556 	129437 	137091 	148042 	159249 	166736 	167080 	170399 	170750.16 	175670.21 	178687.32 	180526.86 	182258.76 	175460.2 	177569.38 	167521.55 	159493.11 
A,FR_LD,THS_T,NL32	10793 	9229 	10751 	12065 	14097 	15816 	13955 	16176 	17877 	21242 	23028 	26780 	25862 	26581 	26749 	29100 	28677 	30052 	31349.78 	33518.42 	34739.54 	35717.35 	37421.15 	35114.3 	34549.06 	32937.67 	31234.11 
A,FR_LD,THS_T,NL33	68654 	66663 	72280 	67986 	63107 	68533 	66868 	74449 	80789 	85757 	95710 	94552 	104363 	113369 	123391 	127693 	129033 	130020 	129147.57 	131545.94 	132477.79 	133426.64 	131879.87 	129163.71 	131414.51 	122310.41 	116880.92 
A,FR_LD,THS_T,NL34	6259 	5831 	5797 	5673 	6797 	6689 	7319 	7501 	7530 	7743 	7818 	8105 	6866 	8093 	9108 	9943 	9370 	10327 	10252.82 	10605.85 	11469.99 	11382.87 	12957.74 	11182.19 	11605.81 	12273.47 	11378.07 
A,FR_LD,THS_T,NL4	591 	871 	864 	1342 	1593 	1538 	1259 	1129 	1023 	1100 	1136 	1438 	1137 	1158 	2038 	2372 	1854 	2039 	2142 	2833.82 	3261.64 	3109 	3071.97 	2838.34 	3142.56 	3237.25 	2726.63 
A,FR_LD,THS_T,NL41	591 	871 	864 	1342 	1593 	1538 	1259 	1129 	1023 	1100 	1136 	1438 	1137 	1158 	2038 	2372 	1854 	2039 	2142 	2833.82 	3261.64 	3109 	3071.97 	2838.34 	3142.56 	3237.25 	2726.63 
A,FR_LD,THS_T,NLZ	: 	: 	: 	: 	: 	: 	: 	: 	: 	: 	: 	: 	: 	: 	112 	59 	215 	383 	322.38 	211.12 	202.7 	137.67 	160.72 	120.97 	146.47 	149.33 	147.38 
A,FR_LD,THS_T,NLZZ	: 	: 	: 	: 	: 	: 	: 	: 	: 	: 	: 	: 	: 	: 	112 	59 	215 	383 	322.38 	211.12 	202.7 	137.67 	160.72 	120.97 	146.47 	149.33 	147.38 
A,FR_LD,THS_T,NO	: 	: 	: 	: 	: 	114128 	110378 	123136 	124779 	124307 	124780 	116053 	109697 	121187 	127219 	127828 	130900 	125292 	125579.41 	128687.2 	130745.43 	125809.93 	129357.75 	144528.56 	147044.26 	139876.71 	146636.71 
A,FR_LD,THS_T,NO0	: 	: 	: 	: 	: 	105705 	103884 	109255 	110739 	113171 	109752 	100224 	96430 	105406 	105924 	106454 	107650 	104446 	105508.47 	106865.3 	111711.24 	106786.27 	109466.55 	122618.53 	124962.17 	116583.57 	125244.91 
A,FR_LD,THS_T,NO06	: 	: 	: 	: 	: 	1026 	1139 	1457 	1567 	1585 	1665 	1528 	1273 	1473 	1545 	1356 	1421 	1610 	1953.68 	1987.93 	1962.81 	2014.88 	1968.15 	1807.85 	1860.68 	1884.2 	1786.1 
A,FR_LD,THS_T,NO07	: 	: 	: 	: 	: 	14239 	15609 	17625 	17738 	17922 	18562 	16767 	14557 	24757 	23260 	25938 	28226 	32040 	32515.35 	31346.66 	31311.32 	30276.73 	30410.98 	31063.4 	28736.3 	30210.57 	30828.54 
A,FR_LD,THS_T,NO08	: 	: 	: 	: 	: 	2782 	2675 	3265 	3254 	3439 	3123 	2737 	2093 	2300 	2535 	2418 	2466 	2055 	2386.64 	2424.93 	17128.55 	15224.48 	16257.95 	14878.8 	13060.36 	12332.61 	13532.7 
A,FR_LD,THS_T,NO09	: 	: 	: 	: 	: 	11378 	12052 	12180 	11715 	13178 	13332 	13099 	10713 	12271 	12530 	12174 	12657 	12315 	13128.93 	11845.01 	13255.66 	13907.47 	13962.08 	13967.41 	14846.93 	12549.26 	13047.2 
A,FR_LD,THS_T,NO0A	: 	: 	: 	: 	: 	76281 	72408 	74728 	76465 	77048 	73069 	66093 	67794 	64606 	66053 	64568 	62880 	56426 	55523.87 	59260.77 	48052.92 	45362.72 	46867.4 	60901.08 	66457.89 	59606.93 	66050.36 
A,FR_LD,THS_T,NOZ	: 	: 	: 	: 	: 	8424 	6494 	13880 	14040 	11136 	15029 	15829 	13267 	15781 	21295 	21375 	23251 	20846 	20070.94 	21821.91 	19034.18 	19023.66 	19891.2 	21910.03 	22082.09 	23293.13 	21391.81 
A,FR_LD,THS_T,NOZZ	: 	: 	: 	: 	: 	8424 	6494 	13880 	14040 	11136 	15029 	15829 	13267 	15781 	21295 	21375 	23251 	20846 	20070.94 	21821.91 	19034.18 	19023.66 	19891.2 	21910.03 	22082.09 	23293.13 	21391.81 
A,FR_LD,THS_T,PL	: 	: 	: 	: 	31438 	33110 	35751 	35636 	38250 	33104 	26207 	20712 	22023 	30789 	23975 	24035 	28908 	29359 	29403.45 	31746.82 	29093.07 	30857.65 	30590.8 	33747.58 	34109.46 	33850.28 	39450.1 
A,FR_LD,THS_T,PL4	: 	: 	: 	: 	12951 	13919 	11744 	11422 	12487 	10143 	8101 	6871 	6988 	8985 	7358 	7871 	9482 	9671 	9067.36 	9700.12 	9340.82 	9245.32 	8790.12 	9585.67 	10659.11 	10411.93 	11298.2 
A,FR_LD,THS_T,PL42	: 	: 	: 	: 	12951 	13919 	11744 	11422 	12487 	10143 	8101 	6871 	6988 	8985 	7358 	7871 	9482 	9671 	9067.36 	9700.12 	9340.82 	9245.32 	8790.12 	9585.67 	10659.11 	10411.93 	11298.2 
A,FR_LD,THS_T,PL6	: 	: 	: 	: 	18487 	19191 	24006 	24214 	25763 	22961 	18106 	13841 	15035 	21804 	16617 	16164 	19426 	19687 	20336.08 	22046.7 	19752.26 	21612.33 	21800.68 	24161.92 	23450.36 	23438.36 	28151.9 
A,FR_LD,THS_T,PL63	: 	: 	: 	: 	18487 	19191 	24006 	24214 	25763 	22961 	18106 	13841 	15035 	21804 	16617 	16164 	19426 	19687 	20336.08 	22046.7 	19752.26 	21612.33 	21800.68 	24161.92 	23450.36 	23438.36 	28151.9 
A,FR_LD,THS_T,PT	12830 	12978 	12626 	12067 	12249 	12432 	14110 	15197 	16948 	19654 	20813 	21335 	19479 	22603 	23906 	25712 	32219 	33588 	35112.12 	35747.78 	36071.69 	34837.57 	32494.62 	32050.49 	33087 	32566.37 	30792.89 
A,FR_LD,THS_T,PT1	12830 	12978 	12626 	11996 	12162 	12330 	13997 	15071 	16374 	19051 	20206 	20756 	18946 	22077 	23240 	25154 	31710 	33150 	34603.24 	35199.76 	35520.13 	34107.33 	31809.29 	31344.69 	32310.26 	31711.95 	29943.06 
A,FR_LD,THS_T,PT11	2524 	2774 	2625 	3069 	2720 	2874 	2942 	3453 	3533 	3628 	4074 	4535 	3983 	3982 	5292 	6155 	6618 	6764 	6622.09 	5355.21 	6802.62 	6838.42 	7132.62 	6291.18 	5251.95 	4663.41 	4472.44 
A,FR_LD,THS_T,PT15	: 	: 	: 	: 	: 	: 	: 	: 	: 	: 	: 	: 	: 	: 	: 	: 	: 	: 	: 	: 	: 	146.26 	112.08 	7.05 	45.51 	78.02 	78.05 
A,FR_LD,THS_T,PT16	763 	645 	494 	491 	523 	543 	625 	664 	855 	1798 	2092 	2236 	2296 	2390 	2425 	2606 	3132 	3577 	3648.85 	3063.31 	3010.28 	3153.99 	2898.86 	2504.21 	2666.02 	3104.64 	2655.74 
A,FR_LD,THS_T,PT17	3884 	3966 	4276 	4251 	4195 	4753 	5911 	6030 	5976 	6709 	7226 	7329 	6260 	7529 	7863 	7437 	8947 	9503 	8729.9 	7446.02 	8317.42 	7218.88 	7418.81 	6393.38 	6509.66 	6900.38 	6758.84 
A,FR_LD,THS_T,PT18	5659 	5593 	5231 	4185 	4724 	4160 	4519 	4925 	6009 	6916 	6815 	6655 	6407 	8177 	7660 	8956 	13013 	13306 	15602.4 	19335.22 	17389.81 	16749.78 	14246.92 	16148.87 	17837.12 	16965.49 	15978 
A,FR_LD,THS_T,PT2	: 	: 	: 	: 	: 	: 	: 	: 	472 	466 	479 	450 	407 	395 	513 	413 	369 	302 	371.11 	404.12 	401.27 	582.99 	536.92 	572.8 	631.51 	702.6 	694.84 
A,FR_LD,THS_T,PT20	: 	: 	: 	: 	: 	: 	: 	: 	472 	466 	479 	450 	407 	395 	513 	413 	369 	302 	371.11 	404.12 	401.27 	582.99 	536.92 	572.8 	631.51 	702.6 	694.84 
A,FR_LD,THS_T,PT3	: 	: 	: 	71 	87 	101 	113 	125 	101 	138 	128 	130 	125 	131 	153 	146 	140 	136 	137.76 	143.89 	150.29 	147.25 	148.4 	133 	145.23 	151.83 	154.99 
A,FR_LD,THS_T,PT30	: 	: 	: 	71 	87 	101 	113 	125 	101 	138 	128 	130 	125 	131 	153 	146 	140 	136 	137.76 	143.89 	150.29 	147.25 	148.4 	133 	145.23 	151.83 	154.99 
A,FR_LD,THS_T,RO	: 	: 	: 	: 	: 	16767 	16181 	18223 	22577 	21723 	19991 	20520 	19256 	20337 	19989 	20627 	26017 	24621 	24482.66 	25311.21 	24502.21 	24541.06 	25941.37 	23498.27 	27198.53 	29918.13 	41060.32 
A,FR_LD,THS_T,RO2	: 	: 	: 	: 	: 	16767 	16181 	18223 	22577 	21723 	19991 	20520 	19256 	20337 	19989 	20627 	26017 	24621 	24482.66 	25311.21 	24502.21 	24541.06 	25941.37 	23498.27 	27198.53 	29918.13 	41060.32 
A,FR_LD,THS_T,RO22	: 	: 	: 	: 	: 	16767 	16181 	18223 	22577 	21723 	19991 	20520 	19256 	20337 	19989 	20627 	26017 	24621 	24482.66 	25311.21 	24502.21 	24541.06 	25941.37 	23498.27 	27198.53 	29918.13 	41060.32 
A,FR_LD,THS_T,SE	62976 	62419 	66845 	67403 	64717 	64265 	65982 	69991 	75208 	78190 	80335 	80393 	71814 	77510 	75857 	74696 	74863 	76596 	77542.21 	78187.35 	81979.47 	80531.28 	76496.88 	76909.67 	79807.45 	78413.62 	73780.78 
A,FR_LD,THS_T,SE1	6594 	7379 	7475 	6936 	7247 	7261 	7966 	8154 	8800 	8981 	9332 	9419 	6180 	5894 	6595 	5906 	6806 	8814 	7856.5 	7780.52 	6445.34 	5594.72 	6226.71 	6300.38 	7027.51 	7073.45 	5562.51 
A,FR_LD,THS_T,SE11	3362 	3724 	3884 	3679 	3535 	3691 	4109 	4118 	4165 	4275 	4560 	4543 	3764 	2716 	2934 	2790 	2737 	4130 	4043.97 	4275.28 	2663.45 	2641.21 	2683.66 	2720.06 	4393.62 	4138.2 	3468.27 
A,FR_LD,THS_T,SE12	3232 	3655 	3591 	3257 	3712 	3570 	3857 	4036 	4635 	4706 	4772 	4876 	2416 	3178 	3661 	3116 	4070 	4684 	3812.53 	3505.24 	3781.89 	2953.51 	3543.05 	3580.33 	2633.89 	2935.25 	2094.24 
A,FR_LD,THS_T,SE2	47881 	46937 	50343 	51102 	48163 	47321 	48047 	51179 	54477 	57286 	58717 	59022 	50217 	43609 	42346 	42873 	39943 	39387 	40950.59 	42741.28 	44347.35 	43516.56 	43039.78 	41199.33 	39494.81 	39927.76 	35364.44 
A,FR_LD,THS_T,SE21	4681 	4273 	4793 	5210 	5336 	5001 	4704 	4877 	4902 	4733 	5362 	6472 	1472 	1860 	1584 	1615 	1777 	1945 	1923.93 	1800.43 	1981.47 	1785.31 	1933.85 	1845.47 	3491.3 	3521.84 	1537.39 
A,FR_LD,THS_T,SE22	14519 	15365 	17666 	16874 	14867 	14804 	15196 	15866 	17735 	19707 	21277 	19839 	17257 	18244 	17928 	17527 	16033 	16198 	17340.76 	17966.81 	18455.66 	18434.46 	18515.94 	17476.8 	14461.49 	14511.87 	14079.09 
A,FR_LD,THS_T,SE23	28681 	27299 	27884 	29018 	27960 	27515 	28147 	30435 	31841 	32845 	32078 	32711 	31488 	23505 	22833 	23731 	22134 	21245 	21685.89 	22974.04 	23910.22 	23296.8 	22590 	21877.06 	21542.03 	21894.05 	19747.96 
A,FR_LD,THS_T,SE3	8501 	8103 	9028 	9365 	9307 	9684 	9969 	10659 	11931 	11923 	12286 	11952 	10179 	11592 	12406 	11634 	12995 	12560 	12824.09 	12129.78 	13681.11 	13098.2 	13002.27 	14642.35 	9886.38 	9213.87 	11520.16 
A,FR_LD,THS_T,SE31	772 	871 	1189 	892 	1076 	1224 	1098 	1099 	2048 	1832 	1587 	1342 	1333 	1104 	1261 	1159 	2771 	2785 	2650.16 	2856.32 	3762.82 	3085.2 	2986.97 	3079.82 	2006.73 	1494.15 	1764.27 
A,FR_LD,THS_T,SE32	1326 	1414 	1459 	1645 	1482 	1582 	1107 	1876 	1946 	2096 	2079 	1959 	1755 	1848 	2463 	2335 	2374 	2420 	2270.73 	2297.22 	2267.89 	2215.62 	2477.1 	2627.92 	1494.41 	1233.46 	1225.2 
A,FR_LD,THS_T,SE33	6403 	5818 	6380 	6828 	6749 	6878 	7765 	7684 	7938 	7996 	8620 	8650 	7091 	8640 	8683 	8140 	7850 	7355 	7903.2 	6976.25 	7650.4 	7797.37 	7538.2 	8934.61 	6385.23 	6486.27 	8530.68 
A,FR_LD,THS_T,SEZ	: 	: 	: 	: 	: 	: 	: 	: 	: 	: 	: 	: 	5238 	16415 	14509 	14283 	15119 	15835 	15911.03 	15535.78 	17505.67 	18321.8 	14228.12 	14767.61 	23398.74 	22198.54 	21333.67 
A,FR_LD,THS_T,SEZZ	: 	: 	: 	: 	: 	: 	: 	: 	: 	: 	: 	: 	5238 	16415 	14509 	14283 	15119 	15835 	15911.03 	15535.78 	17505.67 	18321.8 	14228.12 	14767.61 	23398.74 	22198.54 	21333.67 
A,FR_LD,THS_T,SI	: 	: 	: 	: 	2462 	2621 	3078 	3271 	3580 	4889 	4678 	4738 	4181 	4250 	4609 	5237 	5562 	5828 	6755.71 	7097.34 	6786 	6737.15 	6498.97 	5839.39 	5525.26 	5525.71 	5608.55 
A,FR_LD,THS_T,SI0	: 	: 	: 	: 	2462 	2621 	3078 	3271 	3580 	4889 	4678 	4738 	4181 	4250 	4609 	5237 	5562 	5828 	6755.71 	7097.34 	6786 	6737.15 	6498.97 	5839.39 	5525.26 	5525.71 	5608.55 
A,FR_LD,THS_T,SI04	: 	: 	: 	: 	2462 	2621 	3078 	3271 	3580 	4889 	4678 	4738 	4181 	4250 	4609 	5237 	5562 	5828 	6755.71 	7097.34 	6786 	6737.15 	6498.97 	5839.39 	5525.26 	5525.71 	5608.55 
A,FR_LD,THS_T,TR	: 	: 	: 	: 	: 	: 	: 	: 	: 	: 	: 	144851 	152341 	156512 	161332 	160153 	160607 	155907 	174929.04 	180906.61 	197311.43 	201351.53 	223294.45 	227488.58 	246247.85 	248515.24 	215721.14 
A,FR_LD,THS_T,TR1	: 	: 	: 	: 	: 	: 	: 	: 	: 	: 	: 	13429 	14503 	16775 	15055 	14986 	16287 	17429 	15656.99 	14005.56 	15863.3 	16161.47 	16707.63 	15034.61 	14757.57 	13404.96 	16114.87 
A,FR_LD,THS_T,TR10	: 	: 	: 	: 	: 	: 	: 	: 	: 	: 	: 	13429 	14503 	16775 	15055 	14986 	16287 	17429 	15656.99 	14005.56 	15863.3 	16161.47 	16707.63 	15034.61 	14757.57 	13404.96 	16114.87 
A,FR_LD,THS_T,TR2	: 	: 	: 	: 	: 	: 	: 	: 	: 	: 	: 	8725 	10055 	11333 	14248 	16229 	15578 	11813 	11674.52 	14467.12 	16626.33 	17025.08 	18456.23 	19860.91 	24008.58 	25774.8 	25838.59 
A,FR_LD,THS_T,TR21	: 	: 	: 	: 	: 	: 	: 	: 	: 	: 	: 	971 	1269 	1386 	4625 	6623 	4866 	1557 	2153.81 	4990.77 	6588.08 	7364.24 	8759.96 	9951.39 	13774.57 	15895.95 	16713.91 
A,FR_LD,THS_T,TR22	: 	: 	: 	: 	: 	: 	: 	: 	: 	: 	: 	7754 	8787 	9947 	9623 	9606 	10712 	10255 	9520.71 	9476.36 	10038.25 	9660.84 	9696.27 	9909.52 	10234.01 	9878.86 	9124.68 
A,FR_LD,THS_T,TR3	: 	: 	: 	: 	: 	: 	: 	: 	: 	: 	: 	25531 	21033 	22840 	24189 	24752 	24797 	25834 	27593.18 	28564.63 	29870.49 	31354.6 	39100.7 	39097.59 	43319.73 	46074.09 	41734.19 
A,FR_LD,THS_T,TR31	: 	: 	: 	: 	: 	: 	: 	: 	: 	: 	: 	20817 	17903 	18642 	19780 	20336 	20291 	20976 	22127.7 	22711.89 	23148.93 	24183.72 	32407.63 	33336.1 	35162.43 	38213.36 	36468.66 
A,FR_LD,THS_T,TR32	: 	: 	: 	: 	: 	: 	: 	: 	: 	: 	: 	4714 	3130 	4197 	4409 	4415 	4505 	4857 	5465.47 	5852.75 	6721.56 	7170.88 	6693.07 	5761.49 	8157.31 	7860.73 	5265.54 
A,FR_LD,THS_T,TR4	: 	: 	: 	: 	: 	: 	: 	: 	: 	: 	: 	18492 	17770 	17853 	20254 	21558 	22476 	21469 	22645.16 	23672.38 	26943.22 	31247.68 	34955.58 	37598.06 	42223.2 	42398.25 	36285.79 
A,FR_LD,THS_T,TR41	: 	: 	: 	: 	: 	: 	: 	: 	: 	: 	: 	4050 	4019 	4650 	6054 	5578 	5725 	5930 	5598.06 	5561.38 	6538.31 	6987.62 	6899.86 	7496.04 	9179.4 	8230.12 	6818.06 
A,FR_LD,THS_T,TR42	: 	: 	: 	: 	: 	: 	: 	: 	: 	: 	: 	14443 	13751 	13203 	14200 	15981 	16751 	15539 	17047.11 	18111 	20404.91 	24260.06 	28055.73 	30102.03 	33043.81 	34168.13 	29467.72 
A,FR_LD,THS_T,TR6	: 	: 	: 	: 	: 	: 	: 	: 	: 	: 	: 	69253 	80962 	79840 	78239 	73539 	71839 	70098 	88558.9 	91679.68 	97355.15 	92739.19 	102906.87 	102636.13 	107738.44 	107201.82 	86092.53 
A,FR_LD,THS_T,TR61	: 	: 	: 	: 	: 	: 	: 	: 	: 	: 	: 	3192 	4007 	4894 	4512 	4714 	4727 	3952 	3073.9 	2720.03 	3164.2 	3093.26 	2689.2 	3559.14 	4046.31 	3709.15 	2693.61 
A,FR_LD,THS_T,TR62	: 	: 	: 	: 	: 	: 	: 	: 	: 	: 	: 	9107 	9708 	10387 	10331 	10150 	12360 	12400 	12752.14 	14476.29 	16553.34 	17776.9 	19423.64 	20277.41 	22408.6 	21264.14 	21267.56 
A,FR_LD,THS_T,TR63	: 	: 	: 	: 	: 	: 	: 	: 	: 	: 	: 	56954 	67246 	64559 	63396 	58675 	54752 	53746 	72732.86 	74483.35 	77637.62 	71869.03 	80794.03 	78799.59 	81283.53 	82228.53 	62131.35 
A,FR_LD,THS_T,TR8	: 	: 	: 	: 	: 	: 	: 	: 	: 	: 	: 	5709 	4890 	2798 	3078 	3808 	3986 	3784 	3418.41 	2966.53 	4508 	5743.17 	5399.1 	6380.06 	6371.5 	6405.36 	6218.46 
A,FR_LD,THS_T,TR81	: 	: 	: 	: 	: 	: 	: 	: 	: 	: 	: 	3915 	3343 	1196 	1314 	1621 	1859 	1371 	1110.45 	997.28 	1640.73 	2176.18 	2322.32 	2476.78 	2204.38 	2247 	1859.97 
A,FR_LD,THS_T,TR82	: 	: 	: 	: 	: 	: 	: 	: 	: 	: 	: 	307 	225 	221 	204 	293 	265 	341 	216.03 	238.53 	473.35 	440.61 	373.78 	237.12 	235.55 	158.92 	184.45 
A,FR_LD,THS_T,TR83	: 	: 	: 	: 	: 	: 	: 	: 	: 	: 	: 	1487 	1321 	1380 	1560 	1895 	1862 	2072 	2091.93 	1730.71 	2393.92 	3126.39 	2703 	3666.16 	3931.57 	3999.44 	4174.05 
A,FR_LD,THS_T,TR9	: 	: 	: 	: 	: 	: 	: 	: 	: 	: 	: 	2572 	2160 	2339 	2267 	2278 	2229 	1764 	1723.96 	2100.81 	1747.33 	1916.33 	1946.09 	2363.55 	2021.14 	2226.08 	2386.77 
A,FR_LD,THS_T,TR90	: 	: 	: 	: 	: 	: 	: 	: 	: 	: 	: 	2572 	2160 	2339 	2267 	2278 	2229 	1764 	1723.96 	2100.81 	1747.33 	1916.33 	1946.09 	2363.55 	2021.14 	2226.08 	2386.77 
A,FR_LD,THS_T,TRZ	: 	: 	: 	: 	: 	: 	: 	: 	: 	: 	: 	1141 	967 	2736 	4001 	3004 	3415 	3717 	3657.92 	3449.9 	4397.62 	5164.01 	3822.24 	4517.68 	5807.68 	5029.9 	1049.94 
A,FR_LD,THS_T,TRZZ	: 	: 	: 	: 	: 	: 	: 	: 	: 	: 	: 	1141 	967 	2736 	4001 	3004 	3415 	3717 	3657.92 	3449.9 	4397.62 	5164.01 	3822.24 	4517.68 	5807.68 	5029.9 	1049.94 
A,FR_LD_NLD,THS_T,BE	158553 	167903 	162334 	175891 	171281 	171031 	178494 	185352 	203881 	215966 	232768 	240681 	201658 	226333 	230941 	222436 	226624 	237291 	241138.61 	252975.11 	257725.03 	270100.6 	277753.86 	268653.77 	288206.79 	287572.48 	272698.25 
A,FR_LD_NLD,THS_T,BE2	158553 	167903 	162334 	175891 	171281 	171031 	178494 	185352 	203881 	215966 	232768 	240681 	201658 	226333 	230941 	222436 	226624 	237291 	241138.61 	252975.11 	257725.03 	270100.6 	277753.86 	268653.77 	288206.79 	287572.48 	272698.25 
A,FR_LD_NLD,THS_T,BE21	104563 	111591 	103591 	115988 	114777 	113937 	126098 	135441 	145817 	151705 	165512 	171237 	142116 	160016 	168547 	164547 	171984 	180401 	190107.19 	198690.77 	201201.87 	212010.38 	214030.18 	206318.52 	215851.53 	253608.9 	241954.59 
A,FR_LD_NLD,THS_T,BE23	22420 	24908 	25193 	24717 	23853 	23556 	22569 	20300 	22127 	24106 	24986 	26912 	20579 	27572 	27409 	25972 	25924 	28788 	26143.44 	29963.25 	33710.9 	33669.84 	33336.33 	29427.35 	31691.48 	32801.61 	29953.38 
A,FR_LD_NLD,THS_T,BE25	31599 	31471 	33639 	35712 	32820 	33741 	30019 	29806 	36063 	40562 	42924 	43128 	39269 	38771 	35029 	31974 	28802 	28170 	24931.44 	24369.96 	22914.86 	24533.63 	30416.24 	32929.2 	41284.45 	1169.95 	790.28 
A,FR_LD_NLD,THS_T,BG	: 	: 	: 	: 	20192 	20300 	21358 	23129 	24841 	27511 	24899 	26570 	21893 	22946 	25130 	25877 	28841 	27235 	27165.72 	28684.68 	30950.14 	27868.42 	30985.68 	25258 	25576 	30730.85 	29980.76 
A,FR_LD_NLD,THS_T,BG3	: 	: 	: 	: 	20192 	20300 	21358 	23129 	24841 	27511 	24899 	26570 	21893 	22946 	25130 	25877 	28841 	27235 	27165.72 	28684.68 	30950.14 	27868.42 	30985.68 	25258 	25576 	30730.85 	29980.76 
A,FR_LD_NLD,THS_T,BG33	: 	: 	: 	: 	7711 	8396 	8187 	9484 	10250 	9962 	8954 	10638 	8556 	10125 	11665 	11144 	12990 	11577 	11089.57 	11561.91 	12296.55 	11206.89 	11961.81 	10536.69 	11452.24 	12452.35 	12940.5 
A,FR_LD_NLD,THS_T,BG34	: 	: 	: 	: 	12481 	11904 	13170 	13645 	14591 	17551 	15946 	15932 	13337 	12822 	13520 	14868 	15851 	15658 	16076.15 	17122.76 	18656.4 	16661.52 	19034.95 	14721.31 	14123.76 	18278.5 	17042.5 
A,FR_LD_NLD,THS_T,CY	: 	: 	: 	: 	: 	7101 	7258 	6837 	7287 	7635 	7473 	7934 	6770 	6954 	6564 	6237 	7172 	7186 	7421.71 	10258.97 	7859.85 	6947.79 	7428.05 	7473.02 	6985.26 	8235.22 	8747.55 
A,FR_LD_NLD,THS_T,CY0	: 	: 	: 	: 	: 	7101 	7258 	6837 	7287 	7635 	7473 	7934 	6770 	6954 	6564 	6237 	7172 	7186 	7421.71 	10258.97 	7859.85 	6947.79 	7428.05 	7473.02 	6985.26 	8235.22 	8747.55 
A,FR_LD_NLD,THS_T,CY00	: 	: 	: 	: 	: 	7101 	7258 	6837 	7287 	7635 	7473 	7934 	6770 	6954 	6564 	6237 	7172 	7186 	7421.71 	10258.97 	7859.85 	6947.79 	7428.05 	7473.02 	6985.26 	8235.22 	8747.55 
A,FR_LD_NLD,THS_T,DE	205444 	209721 	213128 	232728 	236609 	236239 	247431 	263222 	276896 	294408 	306856 	312776 	256966 	267174 	287535 	290360 	294498 	300817 	292477.72 	293539.37 	295193.29 	292584.33 	291601.49 	272952.39 	285766.2 	274904.92 	263303.94 
A,FR_LD_NLD,THS_T,DE1	: 	: 	: 	: 	: 	: 	: 	: 	: 	: 	: 	: 	: 	: 	: 	: 	: 	: 	: 	: 	0.15 	: 	: 	: 	: 	: 	: 
A,FR_LD_NLD,THS_T,DE11	: 	: 	: 	: 	: 	: 	: 	: 	: 	: 	: 	: 	: 	: 	: 	: 	: 	: 	: 	: 	0.15 	: 	: 	: 	: 	: 	: 
A,FR_LD_NLD,THS_T,DE3	: 	: 	: 	: 	: 	: 	: 	: 	: 	: 	: 	: 	: 	: 	: 	: 	1 	1 	1.83 	4 	24.48 	: 	: 	: 	: 	: 	: 
A,FR_LD_NLD,THS_T,DE30	: 	: 	: 	: 	: 	: 	: 	: 	: 	: 	: 	: 	: 	: 	: 	: 	1 	1 	1.83 	4 	24.48 	: 	: 	: 	: 	: 	: 
A,FR_LD_NLD,THS_T,DE5	30584 	30877 	31612 	39224 	40066 	40452 	42492 	45370 	46655 	55636 	59262 	63501 	53941 	59107 	68782 	71820 	67059 	66442 	62465.46 	64468.44 	62464.82 	63371.12 	59710.89 	56971.46 	59620.16 	54999.99 	50143.14 
A,FR_LD_NLD,THS_T,DE50	30584 	30877 	31612 	39224 	40066 	40452 	42492 	45370 	46655 	55636 	59262 	63501 	53941 	59107 	68782 	71820 	67059 	66442 	62465.46 	64468.44 	62464.82 	63371.12 	59710.89 	56971.46 	59620.16 	54999.99 	50143.14 
A,FR_LD_NLD,THS_T,DE6	69583 	68912 	73358 	76950 	82948 	86724 	93562 	99529 	108253 	115529 	118190 	118915 	94762 	104520 	114370 	113531 	120568 	126004 	120172.27 	120322.51 	118760.73 	117627.39 	117152.38 	109174.67 	111155.79 	103353.07 	99602.9 
A,FR_LD_NLD,THS_T,DE60	69583 	68912 	73358 	76950 	82948 	86724 	93562 	99529 	108253 	115529 	118190 	118915 	94762 	104520 	114370 	113531 	120568 	126004 	120172.27 	120322.51 	118760.73 	117627.39 	117152.38 	109174.67 	111155.79 	103353.07 	99602.9 
A,FR_LD_NLD,THS_T,DE7	: 	: 	: 	: 	: 	: 	: 	: 	: 	: 	: 	: 	: 	: 	: 	: 	: 	: 	2.29 	1.2 	1.15 	: 	: 	: 	: 	: 	: 
A,FR_LD_NLD,THS_T,DE71	: 	: 	: 	: 	: 	: 	: 	: 	: 	: 	: 	: 	: 	: 	: 	: 	: 	: 	2.29 	1.2 	1.15 	: 	: 	: 	: 	: 	: 
A,FR_LD_NLD,THS_T,DE8	22660 	20808 	23140 	24875 	23519 	21828 	23207 	22028 	23520 	25567 	25995 	27250 	22680 	25618 	24342 	22529 	24834 	25564 	26512.84 	26718.97 	26981.96 	26500.57 	26298.21 	25419.51 	28012.83 	27170.1 	30241.75 
A,FR_LD_NLD,THS_T,DE80	22660 	20808 	23140 	24875 	23519 	21828 	23207 	22028 	23520 	25567 	25995 	27250 	22680 	25618 	24342 	22529 	24834 	25564 	26512.84 	26718.97 	26981.96 	26500.57 	26298.21 	25419.51 	28012.83 	27170.1 	30241.75 
A,FR_LD_NLD,THS_T,DE9	51111 	58867 	56041 	59754 	58336 	55492 	56494 	63512 	65708 	63146 	63887 	62200 	52800 	44775 	46296 	48281 	46208 	46487 	49332.83 	46324.76 	51104.92 	51097.63 	52593.32 	48061.92 	50916.34 	53928.48 	49142.81 
A,FR_LD_NLD,THS_T,DE91	: 	: 	: 	: 	: 	: 	: 	: 	: 	: 	: 	: 	: 	: 	: 	: 	: 	5 	3.71 	1.63 	1.32 	: 	: 	: 	: 	: 	0.32 
A,FR_LD_NLD,THS_T,DE92	: 	: 	: 	: 	: 	: 	: 	: 	: 	: 	: 	: 	: 	: 	: 	: 	: 	: 	: 	: 	2.36 	: 	: 	: 	: 	: 	: 
A,FR_LD_NLD,THS_T,DE93	5325 	5299 	5423 	5460 	5343 	4901 	5377 	6291 	6817 	6679 	7487 	7529 	6440 	7331 	8373 	8413 	7842 	8127 	8009.52 	8325.58 	8311.3 	8352.24 	9925.74 	8378.16 	8340.91 	7534.38 	6108.73 
A,FR_LD_NLD,THS_T,DE94	45786 	53567 	50618 	54294 	52995 	50591 	51120 	57225 	58892 	56467 	56400 	54670 	46360 	37444 	37925 	39869 	38366 	38365 	41319.71 	38003.67 	42791.13 	42745.4 	42687.02 	39711.66 	42687.78 	46411 	43141.22 
A,FR_LD_NLD,THS_T,DEA	: 	: 	: 	1884 	1964 	2449 	1546 	1684 	1673 	1618 	2060 	2074 	1059 	1414 	847 	908 	1298 	1368 	1478.87 	2429.62 	923.31 	: 	: 	: 	: 	: 	: 
A,FR_LD_NLD,THS_T,DEA1	: 	: 	: 	1884 	1964 	2449 	1546 	1684 	1673 	1618 	2060 	2074 	1059 	1414 	847 	908 	1263 	1306 	1439.59 	2389.65 	869.61 	: 	: 	: 	: 	: 	: 
A,FR_LD_NLD,THS_T,DEA2	: 	: 	: 	: 	: 	: 	: 	: 	: 	: 	: 	: 	: 	: 	: 	: 	33 	62 	37.98 	37.65 	44.3 	: 	: 	: 	: 	: 	: 
A,FR_LD_NLD,THS_T,DEA3	: 	: 	: 	: 	: 	: 	: 	: 	: 	: 	: 	: 	: 	: 	: 	: 	: 	1 	: 	1.2 	3.32 	: 	: 	: 	: 	: 	: 
A,FR_LD_NLD,THS_T,DEA4	: 	: 	: 	: 	: 	: 	: 	: 	: 	: 	: 	: 	: 	: 	: 	: 	: 	: 	: 	: 	1.72 	: 	: 	: 	: 	: 	: 
A,FR_LD_NLD,THS_T,DEA5	: 	: 	: 	: 	: 	: 	: 	: 	: 	: 	: 	: 	: 	: 	: 	: 	2 	: 	1.3 	1.13 	4.35 	: 	: 	: 	: 	: 	: 
A,FR_LD_NLD,THS_T,DEB	: 	: 	: 	: 	: 	: 	: 	: 	: 	: 	: 	: 	: 	: 	: 	: 	20 	8 	2.33 	6.07 	16.86 	: 	: 	: 	: 	: 	: 
A,FR_LD_NLD,THS_T,DEB1	: 	: 	: 	: 	: 	: 	: 	: 	: 	: 	: 	: 	: 	: 	: 	: 	20 	8 	2.33 	6.07 	16.86 	: 	: 	: 	: 	: 	: 
A,FR_LD_NLD,THS_T,DEE	: 	: 	: 	: 	: 	: 	: 	: 	: 	: 	: 	: 	: 	: 	: 	: 	: 	: 	: 	: 	1.3 	: 	: 	: 	: 	: 	: 
A,FR_LD_NLD,THS_T,DEE0	: 	: 	: 	: 	: 	: 	: 	: 	: 	: 	: 	: 	: 	: 	: 	: 	: 	: 	: 	: 	1.3 	: 	: 	: 	: 	: 	: 
A,FR_LD_NLD,THS_T,DEF	33718 	32065 	31359 	33149 	32397 	31782 	32173 	33535 	33122 	35149 	39988 	41195 	33977 	33113 	34148 	34765 	35644 	36216 	34771.42 	35450.11 	38120.44 	36767.02 	37921.73 	35315.06 	38308.53 	38290.59 	37091.45 
A,FR_LD_NLD,THS_T,DEF0	33718 	32065 	31359 	33149 	32397 	31782 	32173 	33535 	33122 	35149 	39988 	41195 	33977 	33113 	34148 	34765 	35644 	36216 	34771.42 	35450.11 	38120.44 	36767.02 	37921.73 	35315.06 	38308.53 	38290.59 	37091.45 
A,FR_LD_NLD,THS_T,DEZ	: 	: 	: 	: 	: 	: 	: 	: 	: 	: 	: 	: 	: 	: 	: 	: 	958 	952 	829.82 	681.03 	66.09 	92.51 	4.87 	3.01 	2.26 	168.89 	337.18 
A,FR_LD_NLD,THS_T,DEZZ	: 	: 	: 	: 	: 	: 	: 	: 	: 	: 	: 	: 	: 	: 	: 	: 	958 	952 	829.82 	681.03 	66.09 	92.51 	4.87 	3.01 	2.26 	168.89 	337.18 
A,FR_LD_NLD,THS_T,DK	88901 	77407 	71663 	73894 	72989 	73372 	79657 	80531 	82079 	87903 	89377 	89059 	75735 	73648 	77048 	73062 	74500 	74152 	82344.31 	82565.29 	81290.02 	81278.6 	81123.72 	79394.9 	81606.16 	85661.47 	80771.83 
A,FR_LD_NLD,THS_T,DK0	88901 	77407 	71663 	73894 	72989 	73372 	79657 	80531 	82079 	87903 	89377 	89059 	75735 	73648 	77048 	73062 	74500 	74152 	82344.31 	82565.29 	81290.02 	81278.6 	81123.72 	79394.9 	81606.16 	85661.47 	80771.83 
A,FR_LD_NLD,THS_T,DK01	16323 	17568 	15530 	14354 	12225 	11533 	12317 	13092 	14204 	14620 	15369 	15292 	12379 	12484 	13276 	12794 	13341 	13969 	14818.58 	15801.98 	15692.68 	15491.51 	15470.55 	14064.38 	15119.21 	15712.28 	15271.7 
A,FR_LD_NLD,THS_T,DK02	28457 	20735 	17584 	18973 	18436 	18890 	20094 	21565 	21141 	23332 	23234 	22291 	19775 	20091 	19407 	19216 	20049 	21105 	28674.72 	28081.99 	26305.46 	25689.13 	24357.04 	25688.42 	26484.45 	28148.48 	26531.85 
A,FR_LD_NLD,THS_T,DK03	37280 	28078 	24170 	26445 	26729 	28512 	32907 	30801 	30083 	31951 	32287 	30687 	27367 	24296 	27992 	24719 	24980 	21057 	20062.93 	18580.54 	18045.15 	19346.48 	19807.95 	17735.56 	17637.51 	19489.74 	18194.09 
A,FR_LD_NLD,THS_T,DK04	11650 	10862 	10764 	10712 	11646 	11571 	12190 	12610 	13152 	14558 	14887 	17000 	13361 	13211 	13903 	12718 	12391 	11543 	11657.41 	13084.95 	13675.83 	13823.97 	13321.85 	13960.61 	15004.31 	16077.55 	15510.37 
A,FR_LD_NLD,THS_T,DK05	8386 	8251 	8102 	7702 	8162 	8359 	8278 	8612 	9372 	10250 	9670 	9326 	7566 	7534 	7933 	7917 	7712 	8264 	8743.47 	9001.1 	9405.04 	9448.13 	9892.71 	9777.27 	9431.46 	8347.91 	7619.62 
A,FR_LD_NLD,THS_T,EE	: 	: 	: 	: 	: 	44600 	45281 	44806 	45040 	47184 	41458 	32813 	34410 	43599 	45624 	40342 	39298 	39930 	31373.77 	30196.86 	31091.04 	32412.89 	34219.19 	34545.52 	38343.1 	32361.41 	22034.87 
A,FR_LD_NLD,THS_T,EE0	: 	: 	: 	: 	: 	44600 	45281 	44806 	45040 	47184 	41458 	32813 	34410 	43599 	45624 	40342 	39298 	39930 	31373.77 	30196.86 	31091.04 	32412.89 	34219.19 	34545.52 	35737.24 	29780.62 	20536.51 
A,FR_LD_NLD,THS_T,EE00	: 	: 	: 	: 	: 	44600 	45281 	44806 	45040 	47184 	41458 	32813 	34410 	43599 	45624 	40342 	39298 	39930 	31373.77 	30196.86 	31091.04 	32412.89 	34219.19 	34545.52 	35737.24 	29780.62 	20536.51 
A,FR_LD_NLD,THS_T,EEZ	: 	: 	: 	: 	: 	: 	: 	: 	: 	: 	: 	: 	: 	: 	: 	: 	: 	: 	: 	: 	: 	: 	: 	: 	2605.86 	2580.79 	1498.36 
A,FR_LD_NLD,THS_T,EEZZ	: 	: 	: 	: 	: 	: 	: 	: 	: 	: 	: 	: 	: 	: 	: 	: 	: 	: 	: 	: 	: 	: 	: 	: 	2605.86 	2580.79 	1498.36 
A,FR_LD_NLD,THS_T,EL	100714 	109628 	111842 	96183 	87185 	97403 	111280 	107809 	104689 	108004 	109057 	100888 	93517 	91222 	95165 	114327 	119758 	125805 	128099.67 	134656.39 	140091.43 	150064.99 	156841 	146274.87 	145386.94 	137044.19 	143075.93 
A,FR_LD_NLD,THS_T,EL3	34132 	39833 	40648 	40432 	39238 	43121 	46720 	44636 	42758 	45548 	44917 	40958 	37706 	36375 	43535 	60375 	68074 	70282 	68645.19 	74463.31 	78286.79 	85076.75 	90567.22 	84583.74 	78076.54 	71882.02 	75604.78 
A,FR_LD_NLD,THS_T,EL30	34132 	39833 	40648 	40432 	39238 	43121 	46720 	44636 	42758 	45548 	44917 	40958 	37706 	36375 	43535 	60375 	68074 	70282 	68645.19 	74463.31 	78286.79 	85076.75 	90567.22 	84583.74 	78076.54 	71882.02 	75604.78 
A,FR_LD_NLD,THS_T,EL4	11921 	13487 	13647 	12141 	7001 	7141 	7508 	8464 	8139 	8708 	9120 	8579 	6083 	5113 	4822 	4337 	4504 	4149 	5563.16 	5429.77 	5676.19 	6959.53 	7279.7 	6520.03 	7500.03 	7613.76 	13801.78 
A,FR_LD_NLD,THS_T,EL41	1279 	2066 	2039 	829 	: 	: 	: 	: 	: 	: 	: 	: 	: 	: 	: 	: 	: 	: 	: 	: 	: 	: 	: 	: 	: 	: 	715.62 
A,FR_LD_NLD,THS_T,EL42	6679 	8146 	8238 	6983 	4110 	3917 	3974 	4035 	4470 	4533 	4743 	4814 	2939 	1983 	1849 	1702 	1613 	1524 	1572.44 	1641.2 	1643.52 	2981.49 	2774.13 	2652.14 	2966.24 	2929.62 	7010.35 
A,FR_LD_NLD,THS_T,EL43	3963 	3275 	3370 	4431 	2892 	3236 	3546 	4458 	3676 	4180 	4395 	3782 	3158 	3131 	2974 	2638 	2892 	2628 	3990.99 	3790.8 	4036.02 	4000.23 	4525.26 	3890.84 	4554.28 	4704.05 	6227.59 
A,FR_LD_NLD,THS_T,EL5	16976 	16448 	16783 	19750 	17171 	18560 	19939 	20924 	21316 	22088 	24152 	20861 	18821 	20333 	17485 	17607 	16631 	18099 	20394.82 	18965.36 	20538.45 	20410.28 	21879.02 	21738.08 	22451.32 	22617.53 	23287.26 
A,FR_LD_NLD,THS_T,EL51	2891 	2335 	2386 	4558 	1873 	1937 	1714 	1717 	1676 	1838 	1615 	1799 	1605 	1702 	1528 	1185 	1363 	1354 	2732.62 	2561.55 	2870.57 	2910.62 	2984.23 	2786.88 	2447.5 	2619.53 	3257.1 
A,FR_LD_NLD,THS_T,EL52	12734 	12160 	12405 	13311 	13916 	14295 	14334 	15841 	15969 	16358 	18056 	15511 	14213 	15812 	13357 	13964 	12742 	14005 	14710.45 	13290.88 	14507.95 	13959.81 	15172.95 	15593.72 	15943.54 	15714.96 	15304.64 
A,FR_LD_NLD,THS_T,EL54	1351 	1953 	1992 	1886 	1388 	2357 	3891 	3366 	3672 	3892 	4480 	3557 	3003 	2819 	2600 	2459 	2525 	2740 	2951.75 	3112.94 	3159.93 	3549.5 	3724.84 	3360.29 	4063.91 	4283.03 	4728.32 
A,FR_LD_NLD,THS_T,EL6	36153 	38782 	39664 	39678 	34623 	39660 	48559 	45705 	43994 	44325 	44138 	42331 	40644 	38387 	38083 	39988 	40200 	42324 	43295.3 	45642.52 	45626.64 	48367.85 	49376.96 	44103.21 	48284.72 	46823.89 	48494.73 
A,FR_LD_NLD,THS_T,EL61	6568 	6461 	6593 	9648 	7941 	9353 	9581 	9137 	9359 	10427 	10693 	9480 	8574 	6385 	5189 	5907 	6260 	5905 	6300.07 	7181.66 	6720.57 	6752.25 	6815.05 	6169.12 	6487.79 	6292.32 	6203.88 
A,FR_LD_NLD,THS_T,EL62	469 	992 	1017 	509 	: 	: 	: 	: 	1071 	1212 	1604 	1350 	1101 	680 	: 	: 	: 	: 	: 	: 	: 	: 	857.16 	580.62 	751.51 	929.06 	2268.79 
A,FR_LD_NLD,THS_T,EL63	5253 	5177 	5304 	4764 	3930 	8263 	15195 	11164 	7666 	7077 	7164 	6767 	7100 	6515 	5432 	4774 	4850 	5036 	4862.18 	5790.5 	5285.67 	5735.89 	6771.46 	6215.22 	7040.73 	6855.76 	7319.46 
A,FR_LD_NLD,THS_T,EL64	13624 	13146 	13480 	12833 	12554 	11314 	11959 	12925 	13269 	11832 	11539 	10875 	7432 	7917 	8599 	8418 	7825 	8669 	9163.84 	9483.53 	9403.56 	10490.94 	9446.79 	7981.58 	7719.6 	7437.53 	8362.19 
A,FR_LD_NLD,THS_T,EL65	10239 	13007 	13270 	13143 	11031 	11825 	12663 	13354 	13726 	14904 	14165 	14697 	17173 	17381 	19222 	21220 	21586 	22998 	23440.62 	23800.26 	24765.66 	26088.9 	26132.79 	23753.5 	26890.86 	25831.83 	25921.84 
A,FR_LD_NLD,THS_T,ELZ	1533 	1078 	1100 	: 	: 	: 	: 	: 	: 	: 	: 	: 	: 	: 	: 	: 	: 	: 	: 	: 	: 	: 	: 	: 	: 	: 	254.17 
A,FR_LD_NLD,THS_T,ELZZ	1533 	1078 	1100 	: 	: 	: 	: 	: 	: 	: 	: 	: 	: 	: 	: 	: 	: 	: 	: 	: 	: 	: 	: 	: 	: 	: 	254.17 
A,FR_LD_NLD,THS_T,ES	: 	: 	: 	248069 	284332 	295717 	310740 	338609 	363352 	378139 	391190 	384308 	334627 	346118 	372421 	391909 	371331 	400771 	421246.18 	424304.48 	456825.91 	467283.62 	461115.16 	424199.94 	443382.87 	453437.81 	435653.42 
A,FR_LD_NLD,THS_T,ES1	: 	: 	: 	34688 	51596 	56244 	54721 	58731 	62387 	60947 	62784 	59570 	50714 	51965 	52492 	58098 	55376 	58131 	64163.78 	60364.92 	66645.88 	65912.5 	59687.97 	52259 	55978.54 	62723.05 	59049.03 
A,FR_LD_NLD,THS_T,ES11	: 	: 	: 	25624 	25851 	28042 	27302 	29287 	30725 	30432 	32097 	31533 	28995 	28206 	29178 	32368 	29792 	30590 	33126.88 	33083.76 	35296.45 	36313.39 	31717.51 	27377.76 	29224.66 	33927.55 	29799.61 
A,FR_LD_NLD,THS_T,ES12	: 	: 	: 	4072 	21850 	24264 	23496 	24864 	26518 	26160 	26043 	24071 	18397 	20047 	19446 	21507 	21437 	23106 	26165.24 	23105.29 	26350.15 	24483.67 	22306.88 	19978.27 	21115.02 	23409.41 	23335.72 
A,FR_LD_NLD,THS_T,ES13	: 	: 	: 	5260 	5097 	5410 	5374 	5914 	6637 	5769 	6083 	5264 	4243 	4592 	4752 	4803 	4671 	5007 	5298.91 	4573.29 	5338.8 	5607.28 	6103.21 	5314.66 	6102.01 	5834.73 	6343.02 
A,FR_LD_NLD,THS_T,ES2	: 	: 	: 	26623 	29758 	29121 	32586 	36722 	36939 	41056 	41807 	41264 	33851 	36130 	33554 	30451 	31289 	32917 	34793.47 	33802.09 	35470.93 	36982.64 	37242.83 	31597.85 	33434.12 	34882.02 	35097.31 
A,FR_LD_NLD,THS_T,ES21	: 	: 	: 	26623 	29758 	29121 	32586 	36722 	36939 	41056 	41807 	41264 	33851 	36130 	33554 	30451 	31289 	32917 	34793.47 	33802.09 	35470.93 	36982.64 	37242.83 	31597.85 	33434.12 	34882.02 	35097.31 
A,FR_LD_NLD,THS_T,ES5	: 	: 	: 	80962 	93566 	97894 	104167 	114767 	122761 	130252 	139874 	140804 	130662 	134809 	136656 	136310 	131879 	145512 	150388.14 	152135.88 	166259.04 	173571.59 	176234.39 	161272.49 	176758.25 	175281.96 	165258.3 
A,FR_LD_NLD,THS_T,ES51	: 	: 	: 	52861 	53662 	53982 	58274 	65521 	67283 	68974 	76423 	73558 	68677 	66774 	67203 	66789 	62033 	72405 	72101.06 	71301.77 	82860.53 	86676.08 	86922.52 	74606.81 	84390.24 	87393.4 	84434.57 
A,FR_LD_NLD,THS_T,ES52	: 	: 	: 	24941 	38226 	41715 	43504 	46980 	51843 	57064 	61948 	65896 	61388 	67073 	68872 	68559 	68853 	72257 	76548.25 	78793.92 	80856.31 	85298.03 	88159.84 	86172.66 	92242.83 	87478.38 	80404.49 
A,FR_LD_NLD,THS_T,ES53	: 	: 	: 	10012 	10200 	10552 	10912 	11203 	12756 	13066 	9071 	8198 	7279 	6961 	6682 	6871 	6656 	7179 	7510.5 	8083.62 	8564.12 	8941.61 	9048.86 	6415.41 	7021.71 	8166.57 	8510.38 
A,FR_LD_NLD,THS_T,ES6	: 	: 	: 	92968 	97673 	99748 	104854 	112170 	124011 	128314 	129200 	124635 	104876 	109454 	134145 	151297 	140905 	154351 	159838.99 	167083.89 	174626.4 	180197.88 	179943.58 	172472.64 	169009.09 	174256.66 	169362.84 
A,FR_LD_NLD,THS_T,ES61	: 	: 	: 	75595 	77032 	77456 	83573 	87242 	95155 	100523 	103219 	97360 	83105 	88707 	110518 	119718 	110190 	120378 	125880.03 	133556.87 	137930.23 	144222.18 	144176.58 	138499.97 	136719.03 	136537.41 	130096.76 
A,FR_LD_NLD,THS_T,ES62	: 	: 	: 	17153 	20191 	21892 	21186 	25790 	29405 	28285 	26576 	27918 	22329 	20958 	24560 	31924 	31026 	33994 	34092 	33418.2 	36391.3 	36026.15 	36383.5 	34639.48 	33332.29 	38245.06 	39650.99 
A,FR_LD_NLD,THS_T,ES63	: 	: 	: 	2262 	1705 	1699 	1392 	1458 	1533 	1919 	1544 	1634 	1668 	1454 	1545 	1554 	1351 	1217 	1074.09 	1288.12 	1386.87 	1225.55 	1247.7 	974.54 	746.55 	925.99 	917.74 
A,FR_LD_NLD,THS_T,ES64	: 	: 	: 	780 	743 	818 	746 	728 	802 	522 	512 	482 	528 	528 	555 	604 	588 	593 	601.03 	674.75 	668.13 	483.29 	464.09 	354.02 	339.27 	317.82 	291.46 
A,FR_LD_NLD,THS_T,ES7	: 	: 	: 	23305 	24437 	24269 	27643 	29761 	31474 	31974 	33185 	33740 	28161 	27712 	30173 	29816 	25707 	24409 	25569.71 	25226.87 	28454.2 	27616.43 	27578.23 	24998.18 	27412.36 	27455.61 	27591.43 
A,FR_LD_NLD,THS_T,ES70	: 	: 	: 	23305 	24437 	24269 	27643 	29761 	31474 	31974 	33185 	33740 	28161 	27712 	30173 	29816 	25707 	24409 	25569.71 	25226.87 	28454.2 	27616.43 	27578.23 	24998.18 	27412.36 	27455.61 	27591.43 
A,FR_LD_NLD,THS_T,FI	70248 	71694 	71123 	75395 	85094 	87313 	92236 	94717 	88777 	97861 	102217 	105492 	85541 	98579 	103813 	96373 	98160 	98487 	91934.02 	98372.07 	103387.2 	109481.76 	112130.32 	101631.93 	96872.24 	99073.74 	90128.53 
A,FR_LD_NLD,THS_T,FI1	68822 	70186 	69623 	73723 	83022 	85257 	90055 	92366 	86571 	95766 	100203 	103485 	84486 	96992 	102123 	94669 	96394 	96501 	90432.53 	97198.22 	102153.37 	107551.05 	108665.96 	100019.37 	95582.43 	99048.63 	90128.53 
A,FR_LD_NLD,THS_T,FI19	10739 	10612 	10594 	11676 	13010 	12801 	14694 	14717 	12817 	15316 	15771 	17548 	13778 	14745 	15758 	13074 	13913 	13294 	11994.69 	12100.51 	11919.31 	13203.06 	12991.43 	11532.66 	12506.43 	12664.51 	10822.75 
A,FR_LD_NLD,THS_T,FI1B	25557 	26904 	26486 	28234 	33830 	35540 	37838 	39057 	35586 	39830 	40930 	41374 	36349 	38891 	41333 	40228 	39613 	39433 	38125.53 	42635.21 	45625.59 	46975.95 	48639.91 	45067.9 	41475.7 	46213.66 	44453.28 
A,FR_LD_NLD,THS_T,FI1C	22094 	21535 	20890 	21759 	26067 	26770 	27388 	28154 	27120 	28253 	31146 	30458 	22437 	28744 	29078 	25876 	26073 	25481 	24949.49 	25351.3 	27020.52 	29782.15 	31273.65 	28501.86 	25491.51 	26067.95 	22314.48 
A,FR_LD_NLD,THS_T,FI1D	10431 	11135 	11652 	12053 	13929 	14338 	14285 	14609 	14907 	17083 	17488 	19448 	16665 	20262 	21220 	20659 	20688 	22170 	19555.52 	20393.53 	21031.07 	21654.97 	19764.4 	19004.09 	19434.76 	17640.19 	15924.98 
A,FR_LD_NLD,THS_T,FIZ	1426 	1507 	1500 	1672 	2132 	2120 	2232 	2368 	2226 	2115 	2054 	2113 	1083 	1662 	1766 	1718 	1766 	2012 	1514.11 	1217.35 	1272.03 	2811.44 	5325.44 	3010.32 	1327.86 	27.12 	: 
A,FR_LD_NLD,THS_T,FIZZ	1426 	1507 	1500 	1672 	2132 	2120 	2232 	2368 	2226 	2115 	2054 	2113 	1083 	1662 	1766 	1718 	1766 	2012 	1514.11 	1217.35 	1272.03 	2811.44 	5325.44 	3010.32 	1327.86 	27.12 	: 
A,FR_LD_NLD,THS_T,FR	: 	305985 	300160 	320877 	300776 	302254 	314571 	317072 	324722 	334991 	333768 	338449 	301724 	303563 	309490 	291312 	292081 	287687 	286882.21 	142801.44 	291456.66 	297071.82 	289431.31 	262456.56 	267365.81 	275914.76 	263959.76 
A,FR_LD_NLD,THS_T,FRD	: 	88898 	88595 	90779 	90035 	87189 	93809 	96382 	97156 	98474 	101400 	102947 	96982 	96721 	92412 	83686 	90663 	86522 	89169.37 	43717.08 	89374.69 	90865.45 	86073.13 	75131.49 	80339.51 	83200.5 	79055.15 
A,FR_LD_NLD,THS_T,FRD1	: 	4189 	3882 	3987 	3550 	3711 	4119 	4229 	3839 	3906 	4006 	3601 	2955 	3438 	3215 	2818 	3032 	2652 	2820.19 	1534.99 	2709.91 	2742.95 	1787.77 	1891.3 	1552.57 	3398.69 	2967.23 
A,FR_LD_NLD,THS_T,FRD2	: 	84709 	84713 	86831 	86485 	83732 	89877 	92512 	93392 	94568 	97431 	99350 	94027 	93282 	89208 	80881 	87631 	83871 	86349.28 	42182.19 	86664.86 	88122.5 	84285.36 	73240.19 	78786.94 	79801.82 	76087.92 
A,FR_LD_NLD,THS_T,FRE	: 	57157 	56916 	73266 	58736 	61610 	62764 	64097 	66686 	70253 	69910 	69145 	56836 	54270 	59553 	56912 	56140 	59609 	56603.49 	28175 	60230.5 	59993.08 	60645.86 	51501.49 	58839.89 	54994.6 	50821.43 
A,FR_LD_NLD,THS_T,FRE1	: 	57157 	56916 	73266 	58736 	61610 	62764 	64097 	66686 	70253 	69910 	69145 	56836 	54270 	59553 	56912 	56140 	59609 	56603.49 	28175 	60230.5 	59993.08 	60645.86 	51501.49 	58839.89 	54994.6 	50821.43 
A,FR_LD_NLD,THS_T,FRG	: 	30709 	27806 	30781 	29776 	31103 	30306 	32013 	34015 	33863 	33299 	32918 	29297 	30582 	30943 	30196 	27561 	26809 	25807.09 	12560.01 	30220.39 	32834.88 	30155.2 	27559.46 	19278.9 	29210.42 	28480.96 
A,FR_LD_NLD,THS_T,FRG0	: 	30709 	27806 	30781 	29776 	31103 	30306 	32013 	34015 	33863 	33299 	32918 	29297 	30582 	30943 	30196 	27561 	26809 	25807.09 	12560.01 	30220.39 	32834.88 	30155.2 	27559.46 	19278.9 	29210.42 	28480.96 
A,FR_LD_NLD,THS_T,FRH	: 	6402 	6525 	6552 	6800 	6873 	6951 	6852 	6595 	6613 	7236 	7341 	6634 	7227 	11203 	6489 	8065 	7970 	6074.68 	4991.87 	5636.08 	6308.24 	6317.34 	6573.88 	5856.8 	6402.71 	5679.61 
A,FR_LD_NLD,THS_T,FRH0	: 	6402 	6525 	6552 	6800 	6873 	6951 	6852 	6595 	6613 	7236 	7341 	6634 	7227 	11203 	6489 	8065 	7970 	6074.68 	4991.87 	5636.08 	6308.24 	6317.34 	6573.88 	5856.8 	6402.71 	5679.61 
A,FR_LD_NLD,THS_T,FRI	: 	19793 	21024 	20811 	19957 	20025 	20361 	19350 	19340 	18858 	19076 	20472 	20426 	21244 	20414 	19775 	21309 	20365 	20331.63 	9980.92 	17930.03 	18658.22 	18487.97 	19702.15 	17742.94 	17961.31 	16778.05 
A,FR_LD_NLD,THS_T,FRI1	: 	12965 	13279 	13260 	13042 	12719 	12496 	12349 	12459 	11583 	12580 	12652 	12953 	12857 	12008 	11362 	11640 	11004 	10565.1 	4967.31 	9380.83 	9063.64 	8788.83 	9685.28 	8912.92 	8412.75 	8273.09 
A,FR_LD_NLD,THS_T,FRI3	: 	6828 	7745 	7551 	6915 	7305 	7865 	7001 	6881 	7275 	6496 	7845 	7499 	8418 	8430 	8430 	9698 	9388 	9792.76 	5020.48 	8552.64 	9626.64 	9762.12 	10097.42 	8849.6 	9584.86 	8567.32 
A,FR_LD_NLD,THS_T,FRJ	: 	6320 	6086 	6116 	6298 	6068 	5948 	5701 	6031 	5590 	5144 	4876 	4731 	5350 	5603 	5390 	5249 	4913 	5124.95 	2494.12 	5708.92 	5658.22 	5695.24 	5584.39 	5784.46 	6063.5 	6049.66 
A,FR_LD_NLD,THS_T,FRJ1	: 	6320 	6086 	6116 	6298 	6068 	5948 	5701 	6031 	5590 	5144 	4876 	4731 	5350 	5603 	5390 	5249 	4913 	5124.95 	2494.12 	5708.92 	5658.22 	5695.24 	5584.39 	5784.46 	6063.5 	6049.66 
A,FR_LD_NLD,THS_T,FRL	: 	90929 	87643 	91279 	89518 	89244 	92418 	90810 	93308 	96512 	92561 	93086 	80887 	82675 	85292 	82805 	77243 	75564 	78648.42 	37598.66 	77038.3 	77072.22 	75790.48 	71993.95 	70503.2 	67369.71 	67705.53 
A,FR_LD_NLD,THS_T,FRL0	: 	90929 	87643 	91279 	89518 	89244 	92418 	90810 	93308 	96512 	92561 	93086 	80887 	82675 	85292 	82805 	77243 	75564 	78648.42 	37598.66 	77038.3 	77072.22 	75790.48 	71993.95 	70503.2 	67369.71 	67705.53 
A,FR_LD_NLD,THS_T,FRM	: 	: 	: 	: 	: 	: 	: 	: 	: 	2100 	3188 	4127 	4351 	2423 	1717 	1544 	1420 	1427 	1529.42 	766.11 	1046.16 	1299.22 	1587.29 	465.77 	1279.2 	1256.93 	1317.69 
A,FR_LD_NLD,THS_T,FRM0	: 	: 	: 	: 	: 	: 	: 	: 	: 	2100 	3188 	4127 	4351 	2423 	1717 	1544 	1420 	1427 	1529.42 	766.11 	1046.16 	1299.22 	1587.29 	465.77 	1279.2 	1256.93 	1317.69 
A,FR_LD_NLD,THS_T,FRY	: 	8594 	8740 	9089 	8336 	8072 	9707 	9335 	9649 	10050 	10497 	11252 	9731 	9995 	10178 	10489 	9859 	10678 	10097.09 	5167.28 	10420.81 	10417.09 	10316.06 	9684.51 	11278.17 	10823.3 	10430.67 
A,FR_LD_NLD,THS_T,FRY1	: 	2843 	3174 	2883 	2816 	2660 	3519 	2658 	2723 	2920 	3110 	3873 	2764 	2891 	3152 	3578 	3362 	3030 	3090.1 	1363.16 	2998.81 	2992.92 	2262.23 	2393.71 	3460.42 	3430.17 	3113.89 
A,FR_LD_NLD,THS_T,FRY2	: 	2686 	2507 	2940 	2493 	2541 	2754 	2786 	3161 	3183 	3175 	3075 	3055 	2873 	2882 	2866 	2625 	3243 	3034.68 	1429.24 	2581.14 	2620.15 	2756.81 	2281.76 	2013.52 	2537.91 	2861.5 
A,FR_LD_NLD,THS_T,FRY4	: 	3065 	3059 	3266 	3363 	3194 	3434 	3891 	3765 	3947 	4212 	4303 	3911 	4231 	4144 	4045 	3872 	4405 	3972.31 	2374.88 	4840.86 	4804.02 	5297.02 	5009.05 	5804.22 	4855.23 	4455.28 
A,FR_LD_NLD,THS_T,HR	: 	: 	: 	: 	: 	: 	: 	: 	19816 	18588 	23739 	24351 	19102 	19033 	16485 	14839 	14591 	13977 	15287.47 	15844.1 	18264.13 	19289.9 	18065.3 	19081.12 	19377.96 	20806.36 	20863.07 
A,FR_LD_NLD,THS_T,HR0	: 	: 	: 	: 	: 	: 	: 	: 	19816 	18588 	23739 	24351 	19102 	19033 	16485 	14839 	14591 	13977 	15287.47 	15844.1 	18264.13 	19289.9 	18065.3 	19081.12 	19377.96 	20806.36 	20863.07 
A,FR_LD_NLD,THS_T,HR03	: 	: 	: 	: 	: 	: 	: 	: 	19816 	18588 	23739 	24351 	19102 	19033 	16485 	14839 	14591 	13977 	15287.47 	15844.1 	18264.13 	19289.9 	18065.3 	19081.12 	19377.96 	20806.36 	20863.07 
A,FR_LD_NLD,THS_T,IE	28451 	30690 	32294 	34492 	36820 	40196 	41238 	42552 	45854 	47696 	48374 	45960 	39956 	43154 	43160 	44508 	44745 	44889 	48162.5 	48872.2 	51018.42 	52004.83 	50261.36 	48890.12 	50983.44 	50352.57 	46990.62 
A,FR_LD_NLD,THS_T,IE0	28451 	30690 	32294 	34492 	36820 	40196 	41238 	42552 	45854 	47696 	48374 	45960 	39956 	43154 	43160 	44508 	44745 	44889 	48162.5 	48872.2 	51018.42 	52004.83 	50261.36 	48890.12 	50983.44 	50352.57 	46990.62 
A,FR_LD_NLD,THS_T,IE04	: 	: 	: 	: 	1252 	1369 	1255 	1268 	1402 	2225 	1980 	1502 	1224 	1170 	1043 	1505 	1662 	1799 	1788.84 	1829.41 	1282.11 	1455.37 	1530.44 	1285.61 	1229.21 	1000.92 	1047.58 
A,FR_LD_NLD,THS_T,IE05	16377 	17606 	17123 	18610 	19961 	23365 	23404 	23508 	25539 	25337 	25359 	24000 	20659 	23012 	23062 	23580 	24111 	22985 	25101.93 	23770.65 	24881.06 	24743.83 	22860.31 	22833.49 	25694.7 	24223.08 	22035.3 
A,FR_LD_NLD,THS_T,IE06	12142 	13239 	15243 	15892 	15782 	15557 	16682 	17930 	19227 	20795 	21800 	21127 	18620 	19550 	19478 	19899 	19869 	21064 	22205.49 	23848.79 	24996.47 	26331.95 	26333.86 	25209.25 	24485.22 	25634.55 	24668.09 
A,FR_LD_NLD,THS_T,IT	353563 	368782 	352143 	377191 	378105 	388404 	404630 	413487 	424345 	435390 	443250 	444138 	392472 	403994 	402058 	388491 	371418 	351413 	368481.4 	365592.93 	371150.41 	399397.37 	407094.56 	370614.94 	405889.95 	403431.95 	412602.68 
A,FR_LD_NLD,THS_T,ITC	64330 	69407 	70136 	69093 	67886 	69846 	73005 	72937 	70532 	74856 	80871 	79719 	73170 	70226 	71850 	69359 	66540 	66330 	67949.2 	70008.33 	75384.74 	79730.85 	79884.32 	68117.73 	73650.7 	75863.03 	82915.82 
A,FR_LD_NLD,THS_T,ITC3	64330 	69407 	70136 	69093 	67886 	69846 	73005 	72937 	70532 	74856 	80871 	79719 	73170 	70226 	71850 	69359 	66540 	66330 	67949.2 	70008.33 	75384.74 	79730.85 	79884.32 	68117.73 	73650.7 	75863.03 	82915.82 
A,FR_LD_NLD,THS_T,ITF	77704 	79857 	79669 	81190 	81609 	87673 	95372 	102385 	109632 	113178 	116693 	113172 	101643 	113163 	111441 	101884 	90929 	88550 	87932.75 	88830.65 	85845.59 	88967.21 	82551.9 	84789.62 	85404.64 	81685.2 	103716.67 
A,FR_LD_NLD,THS_T,ITF1	1352 	1235 	1259 	1298 	1323 	1352 	1328 	1380 	1348 	1518 	1340 	1155 	1008 	1130 	1403 	1382 	1342 	1131 	1172.61 	1128.85 	986.62 	1214.05 	1267.01 	1454.63 	1285.73 	1340.4 	1246.85 
A,FR_LD_NLD,THS_T,ITF2	697 	: 	: 	: 	: 	: 	: 	: 	: 	: 	: 	: 	: 	: 	: 	: 	: 	: 	: 	: 	: 	: 	: 	: 	: 	: 	: 
A,FR_LD_NLD,THS_T,ITF3	17496 	17945 	17278 	15201 	15138 	16488 	18300 	16053 	15820 	16540 	18916 	15701 	15331 	19772 	19382 	18258 	19252 	20083 	23589.75 	23094.59 	23400.26 	22751.22 	23027.98 	28553.89 	25483.63 	23365.34 	24113.03 
A,FR_LD_NLD,THS_T,ITF4	45139 	47543 	43208 	43946 	45077 	45268 	50226 	55137 	62619 	66265 	65730 	65358 	51460 	49918 	57088 	50047 	37684 	35627 	32855.48 	35002.3 	34804.24 	34596.11 	32898.23 	29844.39 	30193.06 	27376.47 	34345.57 
A,FR_LD_NLD,THS_T,ITF6	14553 	13990 	18648 	21638 	21204 	25538 	26324 	30441 	30765 	29776 	31690 	31527 	34394 	43337 	34608 	33560 	33913 	33408 	31874.75 	31632.79 	28813.83 	32955.91 	27221.56 	28375.49 	30643.46 	32403.75 	47592.96 
A,FR_LD_NLD,THS_T,ITG	123293 	123847 	111916 	115900 	114453 	119692 	129587 	132351 	140278 	135047 	143328 	141900 	118517 	133682 	136866 	129338 	123256 	114270 	112389.71 	114824.68 	117008.52 	122679.08 	127556.55 	118076.77 	129216.07 	130379.79 	139236.14 
A,FR_LD_NLD,THS_T,ITG1	73463 	73705 	64316 	73396 	75296 	78032 	83677 	81950 	92545 	82177 	87941 	82157 	69214 	84703 	84619 	79053 	74214 	69762 	64080.48 	66468.36 	71586.57 	75350.25 	76526.71 	74083.6 	80446.85 	80776.02 	86658.22 
A,FR_LD_NLD,THS_T,ITG2	51420 	52074 	48992 	43818 	40381 	42728 	47237 	51723 	49609 	54703 	56834 	61163 	51157 	50522 	54134 	52133 	50468 	45685 	49439.46 	49487.96 	46429.79 	49003.15 	52809.07 	45389.01 	49954.48 	51232.21 	54055.62 
A,FR_LD_NLD,THS_T,ITH	86074 	88045 	80578 	97554 	98364 	99994 	101096 	103239 	104484 	110730 	105372 	104660 	98376 	99096 	101258 	98754 	101295 	96784 	102839.43 	105881.39 	112221.41 	118320.94 	123080.47 	112715.3 	121591.51 	123435.25 	103286.32 
A,FR_LD_NLD,THS_T,ITH3	23887 	24396 	24953 	27892 	27572 	29094 	30396 	31323 	33082 	34886 	34933 	32985 	30423 	34382 	34705 	30786 	29438 	22046 	26808.56 	26893.4 	26294.62 	28223.7 	29524.23 	25781.89 	27567.39 	26896.26 	23479.22 
A,FR_LD_NLD,THS_T,ITH4	44733 	44714 	38687 	48182 	49025 	48504 	46849 	47189 	48703 	50366 	45815 	43549 	47076 	44545 	46378 	47197 	51096 	52697 	54635.98 	55092.52 	61273.22 	63657.36 	66205.01 	62817.02 	65758.72 	67642.69 	54878.06 
A,FR_LD_NLD,THS_T,ITH5	17982 	19941 	17839 	22492 	22876 	23659 	24839 	25406 	24253 	27639 	27008 	30075 	23848 	22186 	22281 	22402 	22522 	24183 	25288.22 	27503.17 	29165.76 	31223.53 	31348.42 	27104.24 	31104.94 	32601.66 	27033.57 
A,FR_LD_NLD,THS_T,ITI	59943 	60268 	59276 	56737 	54516 	55397 	56164 	54589 	58817 	60922 	67677 	64761 	55326 	56138 	55168 	56535 	54196 	53108 	58123.5 	55764.76 	55713.58 	62270.94 	67844.19 	57215.73 	64508.87 	68174.95 	68029.55 
A,FR_LD_NLD,THS_T,ITI1	31322 	32330 	32451 	32585 	31762 	32277 	32417 	31777 	34845 	36935 	41864 	39400 	32859 	33475 	31399 	30770 	31750 	29871 	33712.45 	31856.96 	32502.67 	35974.57 	42815.79 	36307.65 	40385.85 	42996.2 	43440.14 
A,FR_LD_NLD,THS_T,ITI3	10077 	9818 	10360 	9433 	9447 	9966 	9404 	9229 	9224 	9147 	10573 	11004 	10213 	9934 	9241 	8316 	7197 	9234 	9633.41 	9962.3 	9919.73 	10757.34 	10202.95 	8060.76 	10208.73 	9928.13 	8744.78 
A,FR_LD_NLD,THS_T,ITI4	18756 	18266 	16552 	14923 	13420 	13364 	14596 	13915 	15204 	15192 	16021 	14802 	12609 	13264 	14813 	17765 	15500 	14189 	14987.04 	14240.95 	13679.71 	16202.57 	15015.26 	13601.64 	14740.36 	15849.89 	16243.02 
A,FR_LD_NLD,THS_T,ITZ	: 	: 	: 	: 	: 	: 	: 	: 	2265 	1645 	1195 	1009 	2702 	607 	67 	: 	1423 	3357 	4386.15 	3713.43 	5010.95 	4336.02 	5681.19 	6380.75 	7194.04 	7081.51 	7900.07 
A,FR_LD_NLD,THS_T,ITZZ	: 	: 	: 	: 	: 	: 	: 	: 	2265 	1645 	1195 	1009 	2702 	607 	67 	: 	1423 	3357 	4386.15 	3713.43 	5010.95 	4336.02 	5681.19 	6380.75 	7194.04 	7081.51 	7900.07 
A,FR_LD_NLD,THS_T,LT	: 	: 	: 	: 	20953 	24423 	30242 	25842 	26146 	27235 	29253 	36379 	34344 	37869 	42661 	41033 	39757 	41105 	43128.1 	46235.62 	49855.7 	52462.38 	52244.29 	51528.9 	49385.28 	40015.33 	37237.03 
A,FR_LD_NLD,THS_T,LT0	: 	: 	: 	: 	20953 	24423 	30242 	25842 	26146 	27235 	29253 	36379 	34344 	37869 	42661 	41033 	39757 	41105 	43128.1 	46235.62 	49855.7 	52462.38 	52244.29 	51528.9 	49385.28 	40015.33 	37237.03 
A,FR_LD_NLD,THS_T,LT02	: 	: 	: 	: 	20953 	24423 	30242 	25842 	26146 	27235 	29253 	36379 	34344 	37869 	42661 	41033 	39757 	41105 	43128.1 	46235.62 	49855.7 	52462.38 	52244.29 	51528.9 	49385.28 	40015.33 	37237.03 
A,FR_LD_NLD,THS_T,LV	: 	: 	: 	: 	56017 	50976 	53817 	53679 	58396 	55700 	59492 	59956 	58569 	57060 	65394 	70990 	65513 	70015 	66149.22 	59321.58 	56749.37 	60677.11 	57188.78 	40338.88 	37609.12 	43893.13 	33972.41 
A,FR_LD_NLD,THS_T,LV0	: 	: 	: 	: 	56017 	50976 	53817 	53679 	58396 	55700 	59492 	59956 	58569 	57060 	65394 	70990 	65513 	70015 	66149.22 	59321.58 	56749.37 	60677.11 	57188.78 	40338.88 	37609.12 	43893.13 	33972.41 
A,FR_LD_NLD,THS_T,LV00	: 	: 	: 	: 	56017 	50976 	53817 	53679 	58396 	55700 	59492 	59956 	58569 	57060 	65394 	70990 	65513 	70015 	66149.22 	59321.58 	56749.37 	60677.11 	57188.78 	40338.88 	37609.12 	43893.13 	33972.41 
A,FR_LD_NLD,THS_T,ME	: 	: 	: 	: 	: 	: 	: 	: 	: 	: 	: 	: 	: 	: 	: 	: 	: 	: 	: 	: 	: 	1956 	2035 	2044 	1846 	2929 	: 
A,FR_LD_NLD,THS_T,ME0	: 	: 	: 	: 	: 	: 	: 	: 	: 	: 	: 	: 	: 	: 	: 	: 	: 	: 	: 	: 	: 	1956 	2035 	2044 	1846 	2929 	: 
A,FR_LD_NLD,THS_T,ME00	: 	: 	: 	: 	: 	: 	: 	: 	: 	: 	: 	: 	: 	: 	: 	: 	: 	: 	: 	: 	: 	1956 	2035 	2044 	1846 	2929 	: 
A,FR_LD_NLD,THS_T,MT	: 	: 	: 	: 	: 	: 	3417 	3474 	3503 	3578 	3228 	3373 	3369 	3795 	3321 	3321 	3091 	3453 	3682.92 	3780.53 	4099.62 	4558.96 	5195.19 	5737.72 	3369.77 	4888.05 	7210.96 
A,FR_LD_NLD,THS_T,MT0	: 	: 	: 	: 	: 	: 	3417 	3474 	3503 	3578 	3228 	3373 	3369 	3795 	3321 	3321 	3091 	3453 	3682.92 	3780.53 	4099.62 	4558.96 	5195.19 	5737.72 	3369.77 	4888.05 	7210.96 
A,FR_LD_NLD,THS_T,MT00	: 	: 	: 	: 	: 	: 	3417 	3474 	3503 	3578 	3228 	3373 	3369 	3795 	3321 	3321 	3091 	3453 	3682.92 	3780.53 	4099.62 	4558.96 	5195.19 	5737.72 	3369.77 	4888.05 	7210.96 
A,FR_LD_NLD,THS_T,NL	399724 	402500 	395615 	403230 	404035 	411533 	408786 	439877 	459613 	476267 	506558 	529359 	482061 	537715 	550610 	557264 	558442 	571634 	587927.66 	580631.71 	593068.32 	599462.36 	602415.85 	547424.39 	579768.35 	588793.73 	542949.08 
A,FR_LD_NLD,THS_T,NL1	3299 	3579 	3254 	3753 	3712 	3717 	3284 	3009 	3740 	3754 	4057 	3987 	2630 	4367 	3531 	3962 	3762 	4483 	7158.09 	7383.77 	7844.81 	8161.28 	7023.63 	5583.7 	7123.13 	7328.53 	9777.13 
A,FR_LD_NLD,THS_T,NL11	2522 	2526 	2319 	2868 	2908 	2901 	2536 	2344 	2835 	2685 	2949 	3119 	1992 	3368 	3239 	3558 	3469 	4115 	6443.95 	6535.51 	6920.27 	7322.67 	6190.54 	5052.41 	6442.58 	6634.91 	9284.06 
A,FR_LD_NLD,THS_T,NL12	777 	1053 	934 	885 	805 	815 	748 	664 	906 	1069 	1108 	868 	638 	999 	292 	404 	293 	368 	714.13 	848.26 	924.54 	838.6 	835.39 	531.29 	680.55 	693.62 	493.07 
A,FR_LD_NLD,THS_T,NL3	393801 	395610 	388865 	394997 	396183 	403522 	401849 	433270 	451641 	467278 	497659 	519588 	474465 	527460 	540041 	546199 	548716 	560942 	575039.75 	567217.58 	578182.37 	584599.38 	588671.72 	535832.04 	566096.13 	574810.95 	529029.18 
A,FR_LD_NLD,THS_T,NL32	55096 	54408 	55663 	61691 	67321 	68426 	59447 	68254 	69674 	78157 	84362 	98035 	85965 	90245 	88543 	91834 	92568 	96565 	99242.07 	97895.4 	102946.27 	102609.97 	105176.37 	90199.84 	88192.65 	95419.47 	80760.16 
A,FR_LD_NLD,THS_T,NL33	313791 	317841 	309199 	311121 	304574 	310543 	315811 	338180 	353974 	361282 	382118 	391335 	361920 	407391 	417804 	421889 	424086 	430166 	442421.14 	436435.12 	440518.61 	443636.71 	444072.05 	411469.62 	440446.78 	438671.24 	412422.33 
A,FR_LD_NLD,THS_T,NL34	24914 	23361 	24003 	22185 	24288 	24553 	26591 	26836 	27994 	27838 	31178 	30218 	26580 	29824 	33694 	32476 	32062 	34212 	33755.36 	33299.94 	35120.54 	38696.03 	39663.05 	34471.54 	37824.68 	41806.1 	36554.35 
A,FR_LD_NLD,THS_T,NL4	2624 	3311 	3496 	4479 	4140 	4294 	3653 	3598 	4232 	5236 	4842 	5784 	4966 	5888 	6200 	6160 	5309 	5275 	5570.27 	5778.16 	6705.25 	6490.78 	6528.82 	5746.31 	6273.7 	6457.67 	5332.02 
A,FR_LD_NLD,THS_T,NL41	2624 	3311 	3496 	4479 	4140 	4294 	3653 	3598 	4232 	5236 	4842 	5784 	4966 	5888 	6200 	6160 	5309 	5275 	5570.27 	5778.16 	6705.25 	6490.78 	6528.82 	5746.31 	6273.7 	6457.67 	5332.02 
A,FR_LD_NLD,THS_T,NLZ	: 	: 	: 	: 	: 	: 	: 	: 	: 	: 	: 	: 	: 	: 	972 	943 	755 	934 	359.48 	277.59 	353.67 	248.15 	320.47 	287.09 	317.9 	252.45 	259.02 
A,FR_LD_NLD,THS_T,NLZZ	: 	: 	: 	: 	: 	: 	: 	: 	: 	: 	: 	: 	: 	: 	972 	943 	755 	934 	359.48 	277.59 	353.67 	248.15 	320.47 	287.09 	317.9 	252.45 	259.02 
A,FR_LD_NLD,THS_T,NO	: 	: 	: 	: 	: 	162426 	156595 	169692 	171558 	168216 	169752 	157148 	146393 	158805 	166072 	168848 	172938 	168775 	175954.86 	177134.22 	178233.01 	174207.36 	179453.76 	191754.78 	196567.76 	186092.98 	189686.4 
A,FR_LD_NLD,THS_T,NO0	: 	: 	: 	: 	: 	148860 	145806 	149162 	151452 	153180 	151489 	138211 	131655 	140574 	142432 	144934 	147035 	144500 	152108.07 	150974.01 	157784.11 	153705.43 	157786.22 	167953.39 	172547.66 	160954.97 	166484.73 
A,FR_LD_NLD,THS_T,NO06	: 	: 	: 	: 	: 	2172 	2525 	3122 	3379 	3578 	3667 	3538 	2921 	3547 	3706 	3592 	3653 	3924 	4100.07 	4408.12 	4545.53 	4576.63 	4522.83 	3934.83 	4059.88 	4126.37 	3724.03 
A,FR_LD_NLD,THS_T,NO07	: 	: 	: 	: 	: 	15562 	17169 	19049 	19324 	19614 	20421 	18338 	16182 	26731 	25025 	28149 	31565 	36315 	42481.24 	37435.98 	36416.95 	36333.02 	35508.56 	35580.67 	33853.72 	35350.29 	35719.32 
A,FR_LD_NLD,THS_T,NO08	: 	: 	: 	: 	: 	8346 	9298 	10062 	10193 	9965 	9671 	8820 	7871 	7863 	9063 	9129 	8540 	7887 	8338.25 	8447.9 	27818.91 	27182.91 	29868.97 	26074.77 	24072.54 	23958.56 	24269.76 
A,FR_LD_NLD,THS_T,NO09	: 	: 	: 	: 	: 	21554 	23559 	23652 	23182 	25586 	25960 	24931 	21845 	23415 	23503 	22927 	23626 	24026 	25012.37 	22464.03 	25002.74 	26199.72 	26196.56 	27235.19 	26575.91 	22572.05 	22748.89 
A,FR_LD_NLD,THS_T,NO0A	: 	: 	: 	: 	: 	104722 	96330 	97054 	99091 	99901 	97145 	87428 	87566 	83642 	86385 	86385 	84192 	76207 	75376.11 	79803.27 	68158.39 	63462.17 	62631.49 	76470.78 	85269.21 	76153 	81233.34 
A,FR_LD_NLD,THS_T,NOZ	: 	: 	: 	: 	: 	15174 	11523 	22494 	22419 	16344 	20195 	20888 	17086 	20314 	25971 	26468 	27927 	25938 	25711.78 	26535.99 	20448.89 	20501.94 	21667.54 	23803.98 	24020.1 	25138.01 	23201.68 
A,FR_LD_NLD,THS_T,NOZZ	: 	: 	: 	: 	: 	15174 	11523 	22494 	22419 	16344 	20195 	20888 	17086 	20314 	25971 	26468 	27927 	25938 	25711.78 	26535.99 	20448.89 	20501.94 	21667.54 	23803.98 	24020.1 	25138.01 	23201.68 
A,FR_LD_NLD,THS_T,PL	: 	: 	: 	: 	45983 	47917 	50712 	51799 	54306 	52620 	52004 	48404 	44631 	58881 	57081 	57902 	63202 	67837 	68407.33 	71582.76 	76658.02 	90376.21 	92367.57 	87137.05 	94638.49 	116472.05 	134647.21 
A,FR_LD_NLD,THS_T,PL4	: 	: 	: 	: 	20664 	21477 	19656 	20018 	20836 	18476 	17289 	18618 	14722 	20286 	20643 	20520 	21300 	22286 	21485.85 	22669.54 	24618.62 	27124.93 	26621.92 	25811.37 	27347.36 	31125 	29553.98 
A,FR_LD_NLD,THS_T,PL42	: 	: 	: 	: 	20664 	21477 	19656 	20018 	20836 	18476 	17289 	18618 	14722 	20286 	20643 	20520 	21300 	22286 	21485.85 	22669.54 	24618.62 	27124.93 	26621.92 	25811.37 	27347.36 	31125 	29553.98 
A,FR_LD_NLD,THS_T,PL6	: 	: 	: 	: 	25319 	26440 	31056 	31837 	33502 	34227 	34789 	29908 	30065 	38719 	36478 	37452 	42060 	45715 	47039.77 	49221.68 	52246.84 	63372.93 	65939.5 	61615 	67669.32 	85554.53 	105401.92 
A,FR_LD_NLD,THS_T,PL63	: 	: 	: 	: 	25319 	26440 	31056 	31837 	33502 	34227 	34789 	29908 	30065 	38719 	36478 	37452 	42060 	45715 	47039.77 	49221.68 	52246.84 	63372.93 	65939.5 	61615 	67669.32 	85554.53 	105401.92 
A,FR_LD_NLD,THS_T,PT	47638 	49659 	51143 	50693 	50488 	50319 	51188 	53125 	56706 	59610 	60555 	59971 	56343 	58197 	61587 	61296 	71431 	74044 	80556.96 	80704.95 	86374.79 	84088.88 	79078.63 	73926.75 	77412.6 	78652.66 	75990.99 
A,FR_LD_NLD,THS_T,PT1	47638 	49659 	51143 	50396 	50131 	50120 	50872 	52695 	56064 	58673 	59404 	58187 	54404 	57425 	59823 	60533 	70833 	73556 	79940.63 	80016.47 	85670.89 	83189.06 	78309.87 	72973.83 	76481.2 	77343.58 	74900.66 
A,FR_LD_NLD,THS_T,PT11	11552 	13289 	13114 	13976 	13674 	12836 	12766 	12982 	13331 	13233 	14053 	14703 	13271 	13565 	15289 	15282 	15872 	16662 	17458.58 	14053.03 	18079.59 	17974.57 	18305.72 	15791.27 	13877.59 	13642.61 	13368.55 
A,FR_LD_NLD,THS_T,PT15	: 	: 	: 	: 	: 	: 	: 	: 	: 	: 	: 	: 	: 	: 	: 	: 	: 	: 	: 	: 	: 	146.44 	112.32 	7.05 	45.51 	78.02 	78.05 
A,FR_LD_NLD,THS_T,PT16	2651 	2817 	2635 	2462 	2832 	3031 	2964 	3128 	3328 	4539 	4477 	4574 	4138 	5232 	4966 	5051 	6051 	6598 	6612.11 	6573.69 	7175.91 	7606.69 	7387.8 	6564.14 	7685.18 	8043.58 	7787.54 
A,FR_LD_NLD,THS_T,PT17	15956 	17009 	17793 	17133 	17323 	17508 	17272 	17110 	17905 	17224 	18740 	17863 	15994 	17786 	17879 	15980 	17819 	18560 	17742.01 	16006.45 	17719.52 	16806.24 	17178.8 	14787.8 	15018.16 	17396.77 	16978.01 
A,FR_LD_NLD,THS_T,PT18	20944 	20453 	21449 	19957 	19604 	19633 	20860 	22434 	24929 	26934 	25970 	24531 	23857 	24728 	24871 	27423 	34600 	35054 	41218.37 	48055.91 	46472.53 	44310.02 	38906.66 	38884.93 	42904.81 	41615 	39840.06 
A,FR_LD_NLD,THS_T,PT2	: 	: 	: 	: 	: 	: 	: 	: 	1562 	1576 	1601 	1516 	1547 	1535 	1602 	1372 	1241 	1142 	1221.99 	1339.69 	1389.71 	2072.71 	1974.31 	1970.94 	2080.3 	2470.98 	2160.57 
A,FR_LD_NLD,THS_T,PT20	: 	: 	: 	: 	: 	: 	: 	: 	1562 	1576 	1601 	1516 	1547 	1535 	1602 	1372 	1241 	1142 	1221.99 	1339.69 	1389.71 	2072.71 	1974.31 	1970.94 	2080.3 	2470.98 	2160.57 
A,FR_LD_NLD,THS_T,PT3	: 	: 	: 	1316 	1373 	1363 	1424 	1669 	1187 	1595 	1172 	1192 	1154 	1071 	1011 	876 	932 	931 	1022.26 	1027.52 	1075.49 	1165.61 	1172.46 	1045.89 	1126.53 	1274.56 	1370.52 
A,FR_LD_NLD,THS_T,PT30	: 	: 	: 	1316 	1373 	1363 	1424 	1669 	1187 	1595 	1172 	1192 	1154 	1071 	1011 	876 	932 	931 	1022.26 	1027.52 	1075.49 	1165.61 	1172.46 	1045.89 	1126.53 	1274.56 	1370.52 
A,FR_LD_NLD,THS_T,RO	: 	: 	: 	: 	: 	30239 	33898 	40594 	47678 	46006 	48180 	49751 	35160 	36528 	37489 	38427 	42512 	42598 	43647.95 	45477.38 	45552.51 	48386.75 	51886.8 	46411.02 	52357.52 	59568.05 	68650.07 
A,FR_LD_NLD,THS_T,RO2	: 	: 	: 	: 	: 	30239 	33898 	40594 	47678 	46006 	48180 	49751 	35160 	36528 	37489 	38427 	42512 	42598 	43647.95 	45477.38 	45552.51 	48386.75 	51886.8 	46411.02 	52357.52 	59568.05 	68650.07 
A,FR_LD_NLD,THS_T,RO22	: 	: 	: 	: 	: 	30239 	33898 	40594 	47678 	46006 	48180 	49751 	35160 	36528 	37489 	38427 	42512 	42598 	43647.95 	45477.38 	45552.51 	48386.75 	51886.8 	46411.02 	52357.52 	59568.05 	68650.07 
A,FR_LD_NLD,THS_T,SE	120981 	125621 	129533 	131883 	126548 	126566 	133428 	139151 	151413 	152912 	157361 	161505 	142522 	161007 	158994 	153230 	157056 	162630 	164165.33 	166467.37 	171657.2 	175179.83 	165243.12 	164116.97 	168819.8 	170268.51 	156457.24 
A,FR_LD_NLD,THS_T,SE1	20222 	22290 	21626 	21460 	20568 	21108 	23454 	22898 	26543 	25210 	25549 	25958 	17072 	19422 	21406 	18845 	20327 	24300 	24071.87 	24596.46 	21935.79 	20969.35 	22524.82 	20732.25 	18899.38 	17946.19 	15638.53 
A,FR_LD_NLD,THS_T,SE11	8820 	10079 	9806 	9543 	8916 	9337 	10646 	10197 	11635 	11791 	11850 	12021 	10445 	9411 	9520 	8961 	9009 	11864 	11738.92 	12640.4 	9507.97 	9699.37 	9599.92 	8832.95 	11833.15 	10605.2 	9370.03 
A,FR_LD_NLD,THS_T,SE12	11535 	12383 	11984 	11987 	11708 	11847 	12954 	12787 	15024 	13502 	13775 	14079 	6663 	10021 	11924 	9935 	11397 	12527 	12445.18 	12080.27 	12503.3 	11328.34 	13002.96 	11970.41 	7185.81 	7484.98 	6293.73 
A,FR_LD_NLD,THS_T,SE2	90251 	91999 	95658 	97720 	92622 	90684 	94798 	100330 	106610 	110330 	114009 	118221 	101565 	91771 	90313 	89047 	86519 	87192 	88355.64 	92178.31 	93837.71 	95642.14 	93351.86 	90588.88 	80257.63 	83799.3 	73652.05 
A,FR_LD_NLD,THS_T,SE21	5555 	5008 	6747 	7562 	7405 	6596 	6308 	6435 	6688 	5548 	7232 	8479 	2609 	3603 	3438 	3153 	3705 	3818 	3526.41 	3257.42 	3387.62 	3824.28 	3712.91 	3358.02 	5712.42 	6320.18 	2730.15 
A,FR_LD_NLD,THS_T,SE22	28495 	31544 	34417 	33278 	30521 	30929 	31493 	32816 	36835 	40015 	43242 	42237 	35832 	38371 	38641 	38021 	36569 	37493 	38210.82 	39318.24 	40381.13 	41889.2 	41293.47 	39949.21 	31662.37 	30901.54 	30200 
A,FR_LD_NLD,THS_T,SE23	57766 	57150 	56246 	58728 	56456 	54869 	58392 	62457 	64502 	66252 	64894 	69297 	64271 	50432 	48908 	48955 	47025 	46526 	47393.44 	50672.47 	50906.98 	51091.94 	49231.16 	48110.11 	43211.08 	47048.28 	41124.77 
A,FR_LD_NLD,THS_T,SE3	16437 	16805 	17782 	18496 	18769 	19626 	20214 	20582 	23587 	22304 	23300 	23386 	18710 	21972 	23481 	22029 	24400 	24668 	25348.41 	23183.21 	25079.72 	25759.74 	24753.68 	26079.79 	16344.31 	16254.7 	20728.75 
A,FR_LD_NLD,THS_T,SE31	3077 	3466 	3565 	3341 	3439 	3588 	3442 	3376 	5914 	5311 	4649 	4975 	4340 	3994 	4325 	3947 	6481 	6660 	7573.82 	6645.73 	7819.46 	7459.24 	7099.03 	7499.5 	4389.27 	4291.81 	4568.21 
A,FR_LD_NLD,THS_T,SE32	3519 	3860 	4056 	4209 	3965 	4509 	4295 	4477 	4476 	4382 	4481 	4384 	3243 	3856 	5432 	4917 	5079 	5480 	4931.4 	4786.32 	4761.67 	5142.12 	5298.78 	5051.38 	2477.31 	2325.27 	2330.37 
A,FR_LD_NLD,THS_T,SE33	9843 	9504 	10161 	10959 	11388 	11559 	12536 	12769 	13267 	12688 	14232 	14086 	11174 	14173 	13826 	13221 	12901 	12615 	12904.8 	11831.95 	12554.39 	13243.77 	12435.11 	13670.83 	9557.44 	9783.42 	13995.66 
A,FR_LD_NLD,THS_T,SEZ	: 	: 	: 	: 	: 	: 	: 	: 	: 	: 	: 	: 	7602 	30940 	26890 	26001 	28860 	29958 	30386.35 	29475.8 	33469.08 	35684.52 	28171.08 	29843.68 	54468.83 	53253.54 	48567.87 
A,FR_LD_NLD,THS_T,SEZZ	: 	: 	: 	: 	: 	: 	: 	: 	: 	: 	: 	: 	7602 	30940 	26890 	26001 	28860 	29958 	30386.35 	29475.8 	33469.08 	35684.52 	28171.08 	29843.68 	54468.83 	53253.54 	48567.87 
A,FR_LD_NLD,THS_T,SI	: 	: 	: 	: 	9110 	9246 	10720 	11986 	12540 	15391 	15805 	16499 	13322 	14591 	16198 	16907 	17184 	18012 	19931.13 	21170.99 	22310.76 	23127.16 	22113.97 	18313.49 	20060.21 	22387.16 	21136.17 
A,FR_LD_NLD,THS_T,SI0	: 	: 	: 	: 	9110 	9246 	10720 	11986 	12540 	15391 	15805 	16499 	13322 	14591 	16198 	16907 	17184 	18012 	19931.13 	21170.99 	22310.76 	23127.16 	22113.97 	18313.49 	20060.21 	22387.16 	21136.17 
A,FR_LD_NLD,THS_T,SI04	: 	: 	: 	: 	9110 	9246 	10720 	11986 	12540 	15391 	15805 	16499 	13322 	14591 	16198 	16907 	17184 	18012 	19931.13 	21170.99 	22310.76 	23127.16 	22113.97 	18313.49 	20060.21 	22387.16 	21136.17 
A,FR_LD_NLD,THS_T,TR	: 	: 	: 	: 	: 	: 	: 	: 	: 	: 	: 	287029 	276895 	321697 	341835 	355486 	357093 	357585 	388852.63 	402589.47 	439675.22 	428738.38 	453163.1 	464012.28 	492016.18 	505395.03 	485926.69 
A,FR_LD_NLD,THS_T,TR1	: 	: 	: 	: 	: 	: 	: 	: 	: 	: 	: 	36484 	33046 	45838 	40274 	39236 	43491 	44067 	38975.34 	35497.11 	38241.86 	36803.81 	36616.19 	32712.48 	33326.82 	32746.75 	40165.57 
A,FR_LD_NLD,THS_T,TR10	: 	: 	: 	: 	: 	: 	: 	: 	: 	: 	: 	36484 	33046 	45838 	40274 	39236 	43491 	44067 	38975.34 	35497.11 	38241.86 	36803.81 	36616.19 	32712.48 	33326.82 	32746.75 	40165.57 
A,FR_LD_NLD,THS_T,TR2	: 	: 	: 	: 	: 	: 	: 	: 	: 	: 	: 	17171 	18715 	23501 	35494 	40783 	37882 	34702 	34909.11 	42522.86 	48267.51 	50684.6 	54239.75 	57315.51 	63961.86 	68758.38 	69201.4 
A,FR_LD_NLD,THS_T,TR21	: 	: 	: 	: 	: 	: 	: 	: 	: 	: 	: 	3870 	3712 	4576 	16093 	19756 	16123 	12528 	14904.86 	20629.75 	24048.46 	25620.24 	29541.61 	31867.83 	38358.92 	43559.98 	45411.97 
A,FR_LD_NLD,THS_T,TR22	: 	: 	: 	: 	: 	: 	: 	: 	: 	: 	: 	13415 	15069 	18999 	19410 	21038 	21796 	22404 	20197.35 	22253.84 	24725.58 	25496.17 	24906.07 	25713.6 	25767.62 	25405.14 	23882.87 
A,FR_LD_NLD,THS_T,TR3	: 	: 	: 	: 	: 	: 	: 	: 	: 	: 	: 	53662 	44735 	51786 	53490 	56899 	55959 	58589 	64437.56 	66797.81 	72928.57 	70955.67 	82522.33 	84596.8 	91729.1 	98271.35 	95023.94 
A,FR_LD_NLD,THS_T,TR31	: 	: 	: 	: 	: 	: 	: 	: 	: 	: 	: 	48918 	41611 	47526 	49055 	52426 	51418 	53706 	58897.74 	60891.04 	66085.45 	63604.62 	75832.72 	78844.93 	83486.15 	90313.62 	89690.98 
A,FR_LD_NLD,THS_T,TR32	: 	: 	: 	: 	: 	: 	: 	: 	: 	: 	: 	4839 	3213 	4380 	4561 	4577 	4664 	4997 	5662.78 	6006.01 	6946.18 	7481.13 	6824.98 	5818.72 	8288.78 	8012.1 	5388.93 
A,FR_LD_NLD,THS_T,TR4	: 	: 	: 	: 	: 	: 	: 	: 	: 	: 	: 	61305 	54305 	64712 	70111 	74129 	73616 	71860 	77449.81 	80031.13 	87746.88 	87096.95 	86029.28 	91539.27 	98735.84 	99944.97 	98722.68 
A,FR_LD_NLD,THS_T,TR41	: 	: 	: 	: 	: 	: 	: 	: 	: 	: 	: 	8645 	7472 	10973 	14713 	12808 	12142 	12237 	12351.37 	12867.46 	13940.87 	13645.51 	13258.54 	13681.5 	15243.14 	14738.37 	14003.51 
A,FR_LD_NLD,THS_T,TR42	: 	: 	: 	: 	: 	: 	: 	: 	: 	: 	: 	52778 	46893 	53792 	55525 	61409 	61533 	59708 	65233.99 	67170.59 	73826.78 	73466.75 	72946.61 	77968.14 	83607.06 	85440.69 	84899.64 
A,FR_LD_NLD,THS_T,TR6	: 	: 	: 	: 	: 	: 	: 	: 	: 	: 	: 	104949 	114952 	120813 	122604 	123682 	126244 	127433 	151835.65 	156966.39 	167502.75 	157483.44 	171194.22 	172809.16 	179465.28 	183893.92 	167968.43 
A,FR_LD_NLD,THS_T,TR61	: 	: 	: 	: 	: 	: 	: 	: 	: 	: 	: 	5087 	5770 	7075 	6889 	6900 	7250 	6689 	5760.33 	5352.1 	5975 	5896.21 	5365.36 	5614.75 	6876.14 	6815.06 	6573.9 
A,FR_LD_NLD,THS_T,TR62	: 	: 	: 	: 	: 	: 	: 	: 	: 	: 	: 	19569 	20368 	24218 	25440 	27007 	31971 	31865 	32128.82 	33700.08 	36556.45 	35319.05 	39187.02 	41138.18 	42778.27 	42551.19 	46095.57 
A,FR_LD_NLD,THS_T,TR63	: 	: 	: 	: 	: 	: 	: 	: 	: 	: 	: 	80497 	88965 	89764 	90370 	89822 	87212 	88980 	114139.19 	118466.5 	125246.27 	116341.66 	126686.05 	126078.84 	129834.66 	134605.66 	115351.03 
A,FR_LD_NLD,THS_T,TR8	: 	: 	: 	: 	: 	: 	: 	: 	: 	: 	: 	20872 	18724 	10333 	13785 	17012 	17673 	17980 	18782.19 	19212.69 	23692.06 	24338.35 	24689.76 	26392.37 	25555.97 	26946.32 	26642.86 
A,FR_LD_NLD,THS_T,TR81	: 	: 	: 	: 	: 	: 	: 	: 	: 	: 	: 	14018 	12134 	2880 	6271 	7957 	8449 	8481 	9034.31 	9166.58 	11258.8 	12338.93 	13332.42 	13353.82 	12370.2 	13399.09 	12507.43 
A,FR_LD_NLD,THS_T,TR82	: 	: 	: 	: 	: 	: 	: 	: 	: 	: 	: 	331 	270 	262 	272 	454 	326 	424 	297.69 	338.35 	537.25 	569.4 	457.79 	336.04 	307.21 	241.83 	300.02 
A,FR_LD_NLD,THS_T,TR83	: 	: 	: 	: 	: 	: 	: 	: 	: 	: 	: 	6638 	6435 	7279 	7304 	8721 	9103 	9296 	9727.29 	9949.56 	12209.77 	11715.42 	11107.56 	12894.73 	13063.83 	13459.65 	14029.37 
A,FR_LD_NLD,THS_T,TR9	: 	: 	: 	: 	: 	: 	: 	: 	: 	: 	: 	5873 	5269 	5977 	6409 	7234 	6802 	6136 	6632.29 	7043.94 	6927.12 	6055.1 	6163.4 	6211.61 	5858.65 	5635.82 	6080.75 
A,FR_LD_NLD,THS_T,TR90	: 	: 	: 	: 	: 	: 	: 	: 	: 	: 	: 	5873 	5269 	5977 	6409 	7234 	6802 	6136 	6632.29 	7043.94 	6927.12 	6055.1 	6163.4 	6211.61 	5858.65 	5635.82 	6080.75 
A,FR_LD_NLD,THS_T,TRZ	: 	: 	: 	: 	: 	: 	: 	: 	: 	: 	: 	3195 	2793 	13649 	15670 	14299 	16144 	16360 	16959.87 	15835.67 	17724.73 	17411.62 	13141.51 	16536.29 	19210.14 	17472.5 	9332.93 
A,FR_LD_NLD,THS_T,TRZZ	: 	: 	: 	: 	: 	: 	: 	: 	: 	: 	: 	3195 	2793 	13649 	15670 	14299 	16144 	16360 	16959.87 	15835.67 	17724.73 	17411.62 	13141.51 	16536.29 	19210.14 	17472.5 	9332.93 
A,FR_NLD,THS_T,BE	98049 	108631 	100105 	108778 	104945 	102812 	102214 	107268 	114783 	123622 	132046 	138370 	110692 	125561 	128399 	120705 	122724 	125815 	128714.51 	138138.36 	140026.92 	147911.33 	151868.45 	142288.13 	152506.01 	156839.91 	146397.24 
A,FR_NLD,THS_T,BE2	98049 	108631 	100105 	108778 	104945 	102812 	102214 	107268 	114783 	123622 	132046 	138370 	110692 	125561 	128399 	120705 	122724 	125815 	128714.51 	138138.36 	140026.92 	147911.33 	151868.45 	142288.13 	152506.01 	156839.91 	146397.24 
A,FR_NLD,THS_T,BE21	59442 	68041 	59670 	67916 	66455 	64637 	68025 	75344 	80608 	83828 	90894 	95774 	73566 	83861 	88821 	84992 	88967 	89652 	96659.9 	103283.43 	102598.56 	109201.89 	108697.46 	102030.16 	106068.96 	130716.57 	123037.95 
A,FR_NLD,THS_T,BE23	18691 	20962 	19857 	20326 	19866 	19265 	17721 	16756 	16099 	19090 	20074 	21126 	15681 	20799 	20445 	19275 	19262 	22103 	19571.61 	22580.22 	25846.31 	26279.61 	25665.14 	22324.18 	24786.96 	24953.39 	22569.01 
A,FR_NLD,THS_T,BE25	19915 	19627 	20578 	20536 	18624 	18910 	16468 	15168 	18076 	20704 	21079 	21471 	21446 	20902 	19133 	16438 	14495 	14060 	12482.99 	12274.72 	11582.05 	12429.83 	17505.84 	17933.79 	21650.09 	1169.95 	790.28 
A,FR_NLD,THS_T,BG	: 	: 	: 	: 	11927 	11517 	12696 	13618 	14293 	16250 	15853 	16791 	11797 	11847 	13036 	12722 	12503 	12299 	12621.94 	13115.17 	14184.16 	13046.53 	14769.6 	12534.74 	12073.18 	16735.05 	13700.68 
A,FR_NLD,THS_T,BG3	: 	: 	: 	: 	11927 	11517 	12696 	13618 	14293 	16250 	15853 	16791 	11797 	11847 	13036 	12722 	12503 	12299 	12621.94 	13115.17 	14184.16 	13046.53 	14769.6 	12534.74 	12073.18 	16735.05 	13700.68 
A,FR_NLD,THS_T,BG33	: 	: 	: 	: 	3694 	3639 	3818 	4781 	4639 	4530 	5124 	6049 	3503 	4126 	4939 	4150 	3494 	3466 	3300.4 	3597.39 	3833.81 	3828.7 	4147.14 	4105.99 	4165.17 	5349 	3930.6 
A,FR_NLD,THS_T,BG34	: 	: 	: 	: 	8233 	7878 	8878 	8837 	9654 	11720 	10730 	10742 	8295 	7721 	8097 	8572 	9009 	8833 	9321.54 	9517.78 	10350.35 	9217.83 	10622.46 	8428.75 	7908.01 	11386.05 	9770.08 
A,FR_NLD,THS_T,CY	: 	: 	: 	: 	: 	5619 	5665 	5573 	6019 	6262 	6284 	6704 	5784 	6048 	5482 	5000 	4689 	4707 	4875.08 	6566.41 	5389.05 	5021.22 	5590.95 	5374.8 	5169.97 	6110.26 	7086.92 
A,FR_NLD,THS_T,CY0	: 	: 	: 	: 	: 	5619 	5665 	5573 	6019 	6262 	6284 	6704 	5784 	6048 	5482 	5000 	4689 	4707 	4875.08 	6566.41 	5389.05 	5021.22 	5590.95 	5374.8 	5169.97 	6110.26 	7086.92 
A,FR_NLD,THS_T,CY00	: 	: 	: 	: 	: 	5619 	5665 	5573 	6019 	6262 	6284 	6704 	5784 	6048 	5482 	5000 	4689 	4707 	4875.08 	6566.41 	5389.05 	5021.22 	5590.95 	5374.8 	5169.97 	6110.26 	7086.92 
A,FR_NLD,THS_T,DE	136167 	140781 	138889 	147716 	152458 	149472 	155841 	164863 	168834 	178739 	189037 	193774 	158868 	165609 	175759 	175225 	174657 	178446 	173483.99 	175225.2 	179182.85 	178457.16 	177467.11 	160943.13 	170097.24 	168197.4 	161836.89 
A,FR_NLD,THS_T,DE3	: 	: 	: 	: 	: 	: 	: 	: 	: 	: 	: 	: 	: 	: 	: 	: 	1 	1 	1.83 	4 	24.48 	: 	: 	: 	: 	: 	: 
A,FR_NLD,THS_T,DE30	: 	: 	: 	: 	: 	: 	: 	: 	: 	: 	: 	: 	: 	: 	: 	: 	1 	1 	1.83 	4 	24.48 	: 	: 	: 	: 	: 	: 
A,FR_NLD,THS_T,DE5	19195 	19284 	18925 	22988 	22977 	22913 	23762 	24557 	24560 	29918 	31504 	33524 	27974 	30622 	35484 	36285 	33433 	33127 	31865.5 	33119.08 	31546.2 	31470.48 	30347.27 	28704.57 	30971.71 	28278.71 	26207.76 
A,FR_NLD,THS_T,DE50	19195 	19284 	18925 	22988 	22977 	22913 	23762 	24557 	24560 	29918 	31504 	33524 	27974 	30622 	35484 	36285 	33433 	33127 	31865.5 	33119.08 	31546.2 	31470.48 	30347.27 	28704.57 	30971.71 	28278.71 	26207.76 
A,FR_NLD,THS_T,DE6	44569 	43536 	45306 	46073 	51084 	52745 	57158 	60197 	64178 	68860 	71000 	70882 	53921 	61901 	67195 	65086 	68511 	71297 	68011.82 	69970.78 	69394.44 	70459.14 	68112.29 	61515.08 	64941.12 	61180.53 	57996.32 
A,FR_NLD,THS_T,DE60	44569 	43536 	45306 	46073 	51084 	52745 	57158 	60197 	64178 	68860 	71000 	70882 	53921 	61901 	67195 	65086 	68511 	71297 	68011.82 	69970.78 	69394.44 	70459.14 	68112.29 	61515.08 	64941.12 	61180.53 	57996.32 
A,FR_NLD,THS_T,DE7	: 	: 	: 	: 	: 	: 	: 	: 	: 	: 	: 	: 	: 	: 	: 	: 	: 	: 	: 	1.2 	0.35 	: 	: 	: 	: 	: 	: 
A,FR_NLD,THS_T,DE71	: 	: 	: 	: 	: 	: 	: 	: 	: 	: 	: 	: 	: 	: 	: 	: 	: 	: 	: 	1.2 	0.35 	: 	: 	: 	: 	: 	: 
A,FR_NLD,THS_T,DE8	12634 	12756 	14188 	15031 	13350 	12115 	12767 	11720 	12248 	13562 	14321 	15147 	12357 	14828 	13571 	12212 	12641 	13443 	13334.65 	13555.68 	14717.25 	13911.35 	13484.83 	12072.11 	14045.2 	14117.72 	17491.69 
A,FR_NLD,THS_T,DE80	12634 	12756 	14188 	15031 	13350 	12115 	12767 	11720 	12248 	13562 	14321 	15147 	12357 	14828 	13571 	12212 	12641 	13443 	13334.65 	13555.68 	14717.25 	13911.35 	13484.83 	12072.11 	14045.2 	14117.72 	17491.69 
A,FR_NLD,THS_T,DE9	39035 	45519 	40901 	42305 	44534 	41729 	42366 	47649 	48501 	45892 	47862 	48662 	42693 	38111 	39446 	41260 	38308 	38188 	38598.97 	36345.62 	39893.98 	40197.28 	42105.55 	37854.19 	37895.94 	42047.21 	37617.71 
A,FR_NLD,THS_T,DE91	: 	: 	: 	: 	: 	: 	: 	: 	: 	: 	: 	: 	: 	: 	: 	: 	: 	5 	3.71 	1.63 	1.32 	: 	: 	: 	: 	: 	: 
A,FR_NLD,THS_T,DE92	: 	: 	: 	: 	: 	: 	: 	: 	: 	: 	: 	: 	: 	: 	: 	: 	: 	: 	: 	: 	0.96 	: 	: 	: 	: 	: 	: 
A,FR_NLD,THS_T,DE93	3797 	3678 	3655 	3687 	3631 	3167 	3360 	3937 	4247 	3928 	4594 	4817 	3747 	4134 	5299 	5405 	4898 	5090 	4874.6 	5233.49 	5128.26 	5210.34 	6748.09 	5516.19 	5336.66 	4911.94 	3455.72 
A,FR_NLD,THS_T,DE94	35238 	41841 	37246 	38618 	40903 	38562 	39006 	43712 	44255 	41964 	43268 	43846 	38946 	33977 	34147 	35855 	33410 	33093 	33720.67 	31110.5 	34763.44 	34986.93 	35357.46 	32338.01 	32559.28 	37135.27 	34161.99 
A,FR_NLD,THS_T,DEA	: 	: 	: 	789 	679 	640 	306 	320 	322 	280 	513 	496 	1059 	536 	307 	318 	489 	418 	424.44 	590.33 	254.65 	: 	: 	: 	: 	: 	: 
A,FR_NLD,THS_T,DEA1	: 	: 	: 	789 	679 	640 	306 	320 	322 	280 	513 	496 	1059 	536 	307 	318 	468 	387 	404.77 	564.76 	202.95 	: 	: 	: 	: 	: 	: 
A,FR_NLD,THS_T,DEA2	: 	: 	: 	: 	: 	: 	: 	: 	: 	: 	: 	: 	: 	: 	: 	: 	19 	31 	18.37 	24.45 	43.46 	: 	: 	: 	: 	: 	: 
A,FR_NLD,THS_T,DEA3	: 	: 	: 	: 	: 	: 	: 	: 	: 	: 	: 	: 	: 	: 	: 	: 	: 	: 	: 	: 	2.17 	: 	: 	: 	: 	: 	: 
A,FR_NLD,THS_T,DEA4	: 	: 	: 	: 	: 	: 	: 	: 	: 	: 	: 	: 	: 	: 	: 	: 	: 	: 	: 	: 	1.72 	: 	: 	: 	: 	: 	: 
A,FR_NLD,THS_T,DEA5	: 	: 	: 	: 	: 	: 	: 	: 	: 	: 	: 	: 	: 	: 	: 	: 	2 	: 	1.3 	1.13 	4.35 	: 	: 	: 	: 	: 	: 
A,FR_NLD,THS_T,DEE	: 	: 	: 	: 	: 	: 	: 	: 	: 	: 	: 	: 	: 	: 	: 	: 	: 	: 	: 	: 	1.3 	: 	: 	: 	: 	: 	: 
A,FR_NLD,THS_T,DEE0	: 	: 	: 	: 	: 	: 	: 	: 	: 	: 	: 	: 	: 	: 	: 	: 	: 	: 	: 	: 	1.3 	: 	: 	: 	: 	: 	: 
A,FR_NLD,THS_T,DEF	20734 	19687 	19568 	20529 	19833 	19329 	19482 	20420 	19025 	20227 	23837 	25063 	20864 	19610 	19757 	20064 	20971 	21565 	20979.24 	21454.68 	23321.26 	22410.47 	23416.65 	20796.94 	22242.83 	22552.72 	22399.45 
A,FR_NLD,THS_T,DEF0	20734 	19687 	19568 	20529 	19833 	19329 	19482 	20420 	19025 	20227 	23837 	25063 	20864 	19610 	19757 	20064 	20971 	21565 	20979.24 	21454.68 	23321.26 	22410.47 	23416.65 	20796.94 	22242.83 	22552.72 	22399.45 
A,FR_NLD,THS_T,DEZ	: 	: 	: 	: 	: 	: 	: 	: 	: 	: 	: 	: 	: 	: 	: 	: 	303 	408 	267.54 	183.82 	28.94 	8.43 	0.53 	0.23 	0.44 	20.5 	123.96 
A,FR_NLD,THS_T,DEZZ	: 	: 	: 	: 	: 	: 	: 	: 	: 	: 	: 	: 	: 	: 	: 	: 	303 	408 	267.54 	183.82 	28.94 	8.43 	0.53 	0.23 	0.44 	20.5 	123.96 
A,FR_NLD,THS_T,DK	58513 	47150 	41491 	41816 	41454 	40938 	45617 	46901 	47035 	52523 	53190 	54381 	45276 	42919 	47430 	44120 	45817 	44925 	48937.06 	49676.46 	48415.18 	50185.06 	49424.29 	49096.64 	49446.7 	55412.01 	52313.12 
A,FR_NLD,THS_T,DK0	58513 	47150 	41491 	41816 	41454 	40938 	45617 	46901 	47035 	52523 	53190 	54381 	45276 	42919 	47430 	44120 	45817 	44925 	48937.06 	49676.46 	48415.18 	50185.06 	49424.29 	49096.64 	49446.7 	55412.01 	52313.12 
A,FR_NLD,THS_T,DK01	10894 	11114 	10177 	9433 	7852 	7375 	7780 	8789 	9268 	9475 	9973 	10020 	8044 	8005 	8788 	8245 	8933 	9376 	10245.91 	10636.72 	10273.32 	10236.96 	10127.98 	9106.38 	9937.9 	10475.68 	10125.05 
A,FR_NLD,THS_T,DK02	16509 	11880 	10257 	11157 	10954 	10963 	11774 	12388 	12468 	13884 	13250 	12986 	11450 	11548 	11134 	10771 	11315 	12230 	16369.51 	15918.67 	14935.19 	14252.25 	13684.67 	14388.07 	14283.5 	16509.67 	16117.5 
A,FR_NLD,THS_T,DK03	18708 	12596 	9712 	10095 	10612 	10178 	13288 	12600 	11647 	13886 	15086 	14742 	12642 	10727 	14026 	12179 	12783 	10722 	9542.71 	9008.82 	8637.85 	10369.08 	10679.6 	10496.84 	9608.2 	12351.43 	10998.21 
A,FR_NLD,THS_T,DK04	7824 	7077 	7081 	7006 	7693 	7965 	8447 	8608 	8847 	9902 	10014 	11688 	9002 	8495 	9076 	8494 	8534 	8105 	8041.7 	9022.71 	9416.45 	9852.7 	9191.66 	9410.71 	10090.39 	10980.35 	10474.43 
A,FR_NLD,THS_T,DK05	4579 	4483 	4264 	4125 	4343 	4457 	4328 	4516 	4803 	5376 	4869 	4944 	4138 	4143 	4405 	4431 	4251 	4492 	4737.22 	5089.55 	5152.38 	5474.08 	5740.38 	5694.64 	5526.7 	5094.88 	4597.94 
A,FR_NLD,THS_T,EE	: 	: 	: 	: 	: 	3718 	4587 	4042 	4164 	6127 	6811 	7179 	7815 	10364 	11794 	10531 	9563 	12419 	8853.43 	9600.88 	9661.97 	9759.5 	10875.5 	11733.34 	12893.48 	13166.18 	8890.96 
A,FR_NLD,THS_T,EE0	: 	: 	: 	: 	: 	3718 	4587 	4042 	4164 	6127 	6811 	7179 	7815 	10364 	11794 	10531 	9563 	12419 	8853.43 	9600.88 	9661.97 	9759.5 	10875.5 	11733.34 	11405.88 	11756.54 	8226.47 
A,FR_NLD,THS_T,EE00	: 	: 	: 	: 	: 	3718 	4587 	4042 	4164 	6127 	6811 	7179 	7815 	10364 	11794 	10531 	9563 	12419 	8853.43 	9600.88 	9661.97 	9759.5 	10875.5 	11733.34 	11405.88 	11756.54 	8226.47 
A,FR_NLD,THS_T,EEZ	: 	: 	: 	: 	: 	: 	: 	: 	: 	: 	: 	: 	: 	: 	: 	: 	: 	: 	: 	: 	: 	: 	: 	: 	1487.6 	1409.64 	664.49 
A,FR_NLD,THS_T,EEZZ	: 	: 	: 	: 	: 	: 	: 	: 	: 	: 	: 	: 	: 	: 	: 	: 	: 	: 	: 	: 	: 	: 	: 	: 	1487.6 	1409.64 	664.49 
A,FR_NLD,THS_T,EL	59529 	66234 	67350 	68573 	59212 	66339 	77753 	75243 	71218 	75966 	78200 	69697 	64564 	61876 	62197 	73559 	74874 	77640 	80108.66 	83340.12 	85297.5 	89845.77 	96632.1 	89570.93 	88060.37 	85835.09 	95105.05 
A,FR_NLD,THS_T,EL3	21980 	26932 	27471 	24565 	23466 	26019 	29457 	28336 	26646 	29011 	28702 	23730 	23074 	22629 	25885 	35396 	38663 	39313 	38648.32 	42071.34 	43775.01 	46529.29 	51268.41 	47966.75 	43886.8 	41761.82 	43879.44 
A,FR_NLD,THS_T,EL30	21980 	26932 	27471 	24565 	23466 	26019 	29457 	28336 	26646 	29011 	28702 	23730 	23074 	22629 	25885 	35396 	38663 	39313 	38648.32 	42071.34 	43775.01 	46529.29 	51268.41 	47966.75 	43886.8 	41761.82 	43879.44 
A,FR_NLD,THS_T,EL4	6977 	7917 	8062 	7915 	3762 	3807 	4191 	4954 	4543 	4894 	5380 	4994 	3432 	2570 	2229 	1897 	2162 	2022 	2967.87 	2792.65 	2929.33 	2860.19 	3258.73 	2817.79 	3307.76 	3375.64 	9104.17 
A,FR_NLD,THS_T,EL41	921 	1489 	1515 	724 	: 	: 	: 	: 	: 	: 	: 	: 	: 	: 	: 	: 	: 	: 	: 	: 	: 	: 	: 	: 	: 	: 	619.86 
A,FR_NLD,THS_T,EL42	2858 	4215 	4289 	3654 	1453 	1261 	1255 	1294 	1505 	1423 	1685 	1860 	1028 	89 	89 	111 	124 	114 	98.53 	117.72 	122.6 	136.81 	130.56 	116.68 	135.01 	146.39 	4016.9 
A,FR_NLD,THS_T,EL43	3198 	2213 	2258 	3537 	2308 	2546 	2936 	3659 	3038 	3471 	3694 	3134 	2404 	2482 	2140 	1786 	2038 	1907 	2869.33 	2674.93 	2806.73 	2723.38 	3128.16 	2701.11 	3172.75 	3229.25 	4467.41 
A,FR_NLD,THS_T,EL5	11882 	11439 	11673 	14406 	12480 	13575 	13845 	14571 	14636 	15243 	17000 	14565 	13122 	13954 	11595 	11479 	10252 	11201 	12538.02 	11624.48 	12338.53 	12477.83 	13641.61 	13521.88 	13662.17 	14617.17 	14430.28 
A,FR_NLD,THS_T,EL51	1392 	1286 	1316 	3282 	975 	950 	843 	853 	839 	818 	795 	871 	653 	717 	680 	454 	472 	502 	1170.24 	1514.06 	1669.41 	1826.23 	1809.67 	1779.61 	1654.19 	1815.16 	2127.67 
A,FR_NLD,THS_T,EL52	9559 	9112 	9295 	9864 	10694 	11376 	11133 	12009 	11871 	12460 	13842 	11879 	11171 	11879 	9636 	9759 	8610 	9361 	9987.93 	8625.02 	9090.77 	8894.76 	9997.02 	10135.79 	10013.12 	10657.66 	9888.97 
A,FR_NLD,THS_T,EL54	930 	1042 	1063 	1261 	811 	1249 	1870 	1709 	1926 	1965 	2362 	1815 	1298 	1358 	1279 	1266 	1171 	1338 	1379.85 	1485.4 	1578.36 	1756.83 	1834.92 	1606.49 	1994.86 	2144.35 	2413.65 
A,FR_NLD,THS_T,EL6	17186 	18975 	19154 	21687 	19504 	22939 	30260 	27383 	25393 	26817 	27118 	26407 	24937 	22722 	22488 	24787 	23796 	25104 	25954.45 	26851.66 	26254.63 	27978.47 	28463.36 	25264.51 	27203.64 	26080.47 	27533.03 
A,FR_NLD,THS_T,EL61	2411 	2576 	2627 	5089 	3670 	5079 	5303 	5154 	5330 	6106 	6448 	5325 	4832 	3298 	2662 	3136 	3246 	3124 	3534.78 	3741.74 	3616.74 	3677.4 	3643.59 	3392.06 	3437.75 	3438.21 	3540.64 
A,FR_NLD,THS_T,EL62	385 	485 	495 	390 	: 	: 	: 	: 	676 	923 	1075 	1032 	965 	572 	: 	: 	: 	: 	: 	: 	: 	: 	537 	358.83 	456.94 	550.05 	1381.35 
A,FR_NLD,THS_T,EL63	3164 	3016 	3077 	3035 	2395 	4819 	11712 	8858 	5444 	5241 	5178 	5083 	5092 	4630 	4347 	3788 	3736 	3865 	3631.63 	3777.5 	3580.02 	3673.44 	4075.47 	3873.28 	4225.33 	4280.46 	4567.44 
A,FR_NLD,THS_T,EL64	6148 	5870 	5785 	5964 	6752 	6116 	5889 	6372 	6366 	5840 	6213 	6164 	4057 	4352 	4837 	6260 	5260 	5721 	6136.38 	6120.14 	5892.94 	6335.3 	5791.85 	4199.52 	4214.71 	3407.7 	3954.13 
A,FR_NLD,THS_T,EL65	5079 	7029 	7170 	7211 	6688 	6924 	7355 	6998 	7577 	8708 	8204 	8802 	9991 	9870 	10641 	11603 	11554 	12394 	12651.67 	13212.29 	13164.93 	14292.33 	14415.44 	13440.83 	14868.92 	14404.06 	14089.46 
A,FR_NLD,THS_T,ELZ	1503 	971 	990 	: 	: 	: 	: 	: 	: 	: 	: 	: 	: 	: 	: 	: 	: 	: 	: 	: 	: 	: 	: 	: 	: 	: 	158.14 
A,FR_NLD,THS_T,ELZZ	1503 	971 	990 	: 	: 	: 	: 	: 	: 	: 	: 	: 	: 	: 	: 	: 	: 	: 	: 	: 	: 	: 	: 	: 	: 	: 	158.14 
A,FR_NLD,THS_T,ES	: 	: 	: 	195211 	228636 	240621 	248833 	270035 	290236 	298636 	305697 	290021 	248760 	252937 	258018 	260961 	241191 	253378 	255213.15 	253790.8 	272133.69 	286208.51 	301230.64 	265333.19 	280725.07 	299598.68 	287224.23 
A,FR_NLD,THS_T,ES1	: 	: 	: 	26312 	43253 	47695 	45883 	49431 	52487 	50511 	51964 	48724 	40778 	40198 	40336 	44384 	39927 	43422 	38596.62 	34175.33 	39703.67 	39234.7 	42044.05 	33986.98 	38459.37 	43016.47 	38415.79 
A,FR_NLD,THS_T,ES11	: 	: 	: 	20488 	20950 	22816 	22108 	23581 	24657 	24355 	25632 	25233 	23352 	21704 	22331 	24742 	21409 	22858 	15413 	15117.75 	16742.18 	17607.69 	22572.5 	18784.83 	20353.14 	23291.79 	19500.64 
A,FR_NLD,THS_T,ES12	: 	: 	: 	1812 	18322 	20553 	19575 	21215 	22657 	21799 	21660 	19705 	14553 	15623 	15076 	16710 	15920 	17706 	19941.58 	16531.61 	19707.32 	18324.93 	15910.83 	12265.47 	14824.75 	16419.95 	15208.64 
A,FR_NLD,THS_T,ES13	: 	: 	: 	4012 	3981 	4326 	4200 	4636 	5173 	4357 	4672 	3786 	2873 	2872 	2929 	2932 	2598 	2858 	3242.05 	2525.97 	3254.17 	3302.07 	3560.72 	2936.68 	3281.48 	3304.72 	3706.52 
A,FR_NLD,THS_T,ES2	: 	: 	: 	19123 	22315 	22493 	24648 	27992 	28079 	31382 	31842 	30387 	24283 	25519 	22681 	20088 	20380 	20863 	22215.89 	21120.49 	22625.26 	23344.6 	24223.71 	20796.47 	22030.25 	23206.4 	24092.5 
A,FR_NLD,THS_T,ES21	: 	: 	: 	19123 	22315 	22493 	24648 	27992 	28079 	31382 	31842 	30387 	24283 	25519 	22681 	20088 	20380 	20863 	22215.89 	21120.49 	22625.26 	23344.6 	24223.71 	20796.47 	22030.25 	23206.4 	24092.5 
A,FR_NLD,THS_T,ES5	: 	: 	: 	60842 	70493 	74937 	77927 	85375 	91954 	97034 	102097 	99164 	89050 	88748 	86516 	83591 	77672 	85851 	85599.6 	87382.16 	94578.66 	106113.2 	109009.2 	94718.8 	104999.76 	108699.57 	104250.72 
A,FR_NLD,THS_T,ES51	: 	: 	: 	38482 	39113 	41508 	43221 	48307 	50135 	50142 	54636 	51850 	47600 	45324 	43826 	43054 	38432 	44431 	44380.18 	44127.3 	51162.12 	54391.79 	55433.88 	46112.5 	50954.45 	54039.61 	53801.4 
A,FR_NLD,THS_T,ES52	: 	: 	: 	13918 	22847 	24657 	25775 	27826 	31433 	36158 	38933 	39639 	34650 	36935 	36559 	34345 	33379 	35065 	34486.94 	36049.9 	35745.94 	43748.96 	45518.06 	42912.05 	47765.33 	47287.54 	42827.78 
A,FR_NLD,THS_T,ES53	: 	: 	: 	8442 	8533 	8773 	8931 	9241 	10386 	10734 	8528 	7674 	6799 	6489 	6131 	6192 	5861 	6355 	6732.48 	7204.96 	7670.6 	7972.45 	8057.26 	5694.26 	6279.97 	7372.42 	7621.55 
A,FR_NLD,THS_T,ES6	: 	: 	: 	69404 	72170 	75375 	78099 	83726 	93051 	94867 	94348 	88372 	74963 	78030 	87870 	92708 	85460 	85387 	89764.75 	92178.46 	94509.53 	97162.67 	105648.45 	98291.16 	96436.88 	104981.31 	101161.34 
A,FR_NLD,THS_T,ES61	: 	: 	: 	51297 	51836 	52721 	56867 	58284 	64312 	67104 	68374 	62259 	52969 	57426 	64938 	67256 	60962 	59362 	63298.83 	66005.54 	67014.09 	69491.8 	77248.6 	72089.77 	71323.68 	74337.83 	71283.99 
A,FR_NLD,THS_T,ES62	: 	: 	: 	15489 	18311 	20608 	19501 	23716 	26890 	25841 	24212 	24414 	19987 	18834 	21060 	23503 	22744 	24406 	24960.73 	24411.83 	25676.45 	26119.89 	26817.86 	24991.99 	24125.37 	29499.88 	28769.69 
A,FR_NLD,THS_T,ES63	: 	: 	: 	1977 	1412 	1364 	1118 	1131 	1184 	1413 	1265 	1232 	1490 	1257 	1329 	1355 	1178 	1040 	917.56 	1098.96 	1168.93 	1086.58 	1143.82 	881.41 	675.43 	847 	836.74 
A,FR_NLD,THS_T,ES64	: 	: 	: 	641 	611 	682 	613 	595 	665 	509 	497 	466 	517 	513 	543 	593 	577 	579 	587.63 	662.13 	650.06 	464.4 	438.17 	327.98 	312.4 	296.59 	270.91 
A,FR_NLD,THS_T,ES7	: 	: 	: 	19530 	20405 	20121 	22277 	23511 	24664 	24841 	25447 	23374 	19686 	20443 	20615 	20190 	17753 	17855 	19036.28 	18934.37 	20716.56 	20353.34 	20305.23 	17539.8 	18798.82 	19694.94 	19303.88 
A,FR_NLD,THS_T,ES70	: 	: 	: 	19530 	20405 	20121 	22277 	23511 	24664 	24841 	25447 	23374 	19686 	20443 	20615 	20190 	17753 	17855 	19036.28 	18934.37 	20716.56 	20353.34 	20305.23 	17539.8 	18798.82 	19694.94 	19303.88 
A,FR_NLD,THS_T,FI	36748 	36714 	35510 	38504 	47494 	48107 	52949 	54387 	51211 	55954 	60010 	62131 	48676 	56056 	58032 	52649 	51955 	50622 	48022.4 	49924.1 	51327.74 	56223.52 	56392.4 	51374.97 	46580.5 	52591.17 	48118.54 
A,FR_NLD,THS_T,FI1	36273 	36153 	35013 	37823 	46480 	47027 	51780 	53151 	49941 	54717 	58806 	60825 	48113 	55074 	57006 	51534 	50803 	49655 	47155.7 	49304.78 	50633.58 	53845.35 	51439.46 	48855.83 	45762.39 	52585.66 	48118.54 
A,FR_NLD,THS_T,FI19	4862 	4577 	4145 	5067 	6450 	5936 	7691 	7520 	6420 	8248 	8521 	9883 	7507 	8045 	8893 	6532 	7112 	6878 	5504.91 	5530.25 	5055.44 	5469.34 	5385.78 	5485.64 	5208.16 	6258.22 	4744.53 
A,FR_NLD,THS_T,FI1B	15750 	16072 	15271 	15935 	19554 	19827 	22127 	22664 	20275 	22275 	22883 	23015 	20346 	21765 	23540 	22254 	21301 	20993 	20576.28 	22847.76 	24730.81 	24806.61 	24859.99 	22567.41 	20864.97 	24870.6 	24051.07 
A,FR_NLD,THS_T,FI1C	9077 	8900 	8694 	9481 	11246 	11586 	12420 	13478 	13585 	14025 	16561 	16097 	10807 	13310 	12872 	11368 	11870 	11036 	10126.33 	10264.37 	10435.06 	12311.12 	10843.32 	10806.04 	9104.97 	10302.12 	9039.26 
A,FR_NLD,THS_T,FI1D	6584 	6604 	6903 	7340 	9230 	9677 	9542 	9490 	9662 	10169 	10842 	11830 	9453 	11955 	11701 	11380 	10521 	10747 	10948.18 	10662.42 	10412.28 	11258.28 	10350.37 	9996.74 	10584.29 	11154.72 	10283.68 
A,FR_NLD,THS_T,FIZ	475 	560 	497 	680 	1014 	1080 	1169 	1235 	1270 	1237 	1204 	1306 	563 	982 	1025 	1115 	1152 	967 	866.7 	619.31 	694.15 	2378.17 	4952.94 	2519.15 	818.11 	5.5 	: 
A,FR_NLD,THS_T,FIZZ	475 	560 	497 	680 	1014 	1080 	1169 	1235 	1270 	1237 	1204 	1306 	563 	982 	1025 	1115 	1152 	967 	866.7 	619.31 	694.15 	2378.17 	4952.94 	2519.15 	818.11 	5.5 	: 
A,FR_NLD,THS_T,FR	: 	228608 	220309 	238761 	226261 	227124 	232201 	234380 	237823 	245363 	245135 	245040 	213292 	213562 	218866 	202475 	200744 	197131 	193315.32 	95188.88 	203348.74 	203170.92 	199364.76 	179088.69 	183449.84 	190131.23 	184108.4 
A,FR_NLD,THS_T,FRD	: 	61356 	58535 	61625 	61159 	59476 	61590 	64972 	63890 	64635 	67124 	66790 	62938 	61187 	59846 	54595 	57708 	54421 	54945.36 	26380.28 	57431.72 	57039.18 	53225.6 	45967.87 	49738.86 	51121.94 	49095.31 
A,FR_NLD,THS_T,FRD1	: 	1905 	1656 	1787 	1515 	1539 	1607 	1540 	1436 	1493 	1534 	1353 	1131 	1351 	1395 	1084 	1149 	1034 	1034.52 	524.77 	1050.96 	957.27 	599.48 	646.36 	531.99 	1216.18 	1176.95 
A,FR_NLD,THS_T,FRD2	: 	59451 	56878 	59837 	59644 	57937 	59983 	63432 	62454 	63142 	65589 	65436 	61807 	59836 	58450 	53510 	56560 	53387 	53910.84 	25855.51 	56380.76 	56081.92 	52626.12 	45321.51 	49206.87 	49905.76 	47918.36 
A,FR_NLD,THS_T,FRE	: 	39477 	38180 	47769 	38240 	40600 	40723 	41810 	42551 	44560 	44987 	44160 	33636 	32736 	35832 	34601 	34233 	35960 	32964.88 	15972.58 	37764.46 	36955.15 	38317.72 	29514.72 	35149 	36104.79 	31791.69 
A,FR_NLD,THS_T,FRE1	: 	39477 	38180 	47769 	38240 	40600 	40723 	41810 	42551 	44560 	44987 	44160 	33636 	32736 	35832 	34601 	34233 	35960 	32964.88 	15972.58 	37764.46 	36955.15 	38317.72 	29514.72 	35149 	36104.79 	31791.69 
A,FR_NLD,THS_T,FRG	: 	24327 	22211 	24579 	23777 	25359 	24139 	25040 	26442 	26763 	25575 	25298 	22091 	22456 	22190 	20888 	18643 	17845 	16836.04 	8254.7 	21063.48 	22290.9 	22217.64 	20335.74 	15732.61 	22213.27 	21114.58 
A,FR_NLD,THS_T,FRG0	: 	24327 	22211 	24579 	23777 	25359 	24139 	25040 	26442 	26763 	25575 	25298 	22091 	22456 	22190 	20888 	18643 	17845 	16836.04 	8254.7 	21063.48 	22290.9 	22217.64 	20335.74 	15732.61 	22213.27 	21114.58 
A,FR_NLD,THS_T,FRH	: 	5689 	5781 	5841 	6116 	6036 	6086 	5953 	5751 	5789 	6415 	6519 	5833 	6165 	10191 	5693 	6765 	6890 	5266.62 	4454.12 	4921.69 	5454.8 	5530.26 	5880.63 	5035.76 	5565.8 	4870.34 
A,FR_NLD,THS_T,FRH0	: 	5689 	5781 	5841 	6116 	6036 	6086 	5953 	5751 	5789 	6415 	6519 	5833 	6165 	10191 	5693 	6765 	6890 	5266.62 	4454.12 	4921.69 	5454.8 	5530.26 	5880.63 	5035.76 	5565.8 	4870.34 
A,FR_NLD,THS_T,FRI	: 	11450 	12030 	12671 	12329 	12088 	12300 	12527 	12781 	12645 	13063 	13119 	12228 	12494 	12051 	12486 	12806 	12482 	12264.23 	6084.12 	11685.35 	11895.07 	11642.62 	12836.77 	11657.03 	11423.21 	11298.22 
A,FR_NLD,THS_T,FRI1	: 	7260 	7543 	7903 	7598 	7443 	7658 	7704 	8170 	7486 	8723 	8387 	7843 	7750 	7292 	7468 	7643 	7483 	7065.47 	3408.78 	6482.14 	6407.24 	6228.58 	6992.16 	6191.6 	6047.84 	6125.33 
A,FR_NLD,THS_T,FRI3	: 	4189 	4487 	4768 	4732 	4646 	4642 	4822 	4611 	5160 	4340 	4732 	4385 	4744 	4759 	5018 	5163 	4999 	5198.76 	2675.34 	5203.21 	5487.83 	5414.04 	5844.62 	5465.43 	5375.37 	5172.89 
A,FR_NLD,THS_T,FRJ	: 	4811 	4686 	4625 	4898 	4678 	4598 	4455 	4712 	4204 	4012 	3735 	3697 	4026 	3943 	4079 	3871 	3846 	3940.77 	2014.2 	4432.91 	4558.28 	4517.32 	4287.31 	4513.76 	4654.71 	4611.58 
A,FR_NLD,THS_T,FRJ1	: 	4811 	4686 	4625 	4898 	4678 	4598 	4455 	4712 	4204 	4012 	3735 	3697 	4026 	3943 	4079 	3871 	3846 	3940.77 	2014.2 	4432.91 	4558.28 	4517.32 	4287.31 	4513.76 	4654.71 	4611.58 
A,FR_NLD,THS_T,FRL	: 	74509 	71702 	74323 	72644 	72008 	74849 	72141 	74078 	77332 	73483 	73641 	62206 	64424 	65231 	60512 	57605 	56026 	57675.08 	27376.86 	56999.26 	55703.21 	55129.74 	52258.77 	51751.56 	49446.22 	51922.15 
A,FR_NLD,THS_T,FRL0	: 	74509 	71702 	74323 	72644 	72008 	74849 	72141 	74078 	77332 	73483 	73641 	62206 	64424 	65231 	60512 	57605 	56026 	57675.08 	27376.86 	56999.26 	55703.21 	55129.74 	52258.77 	51751.56 	49446.22 	51922.15 
A,FR_NLD,THS_T,FRM	: 	: 	: 	: 	: 	: 	: 	: 	: 	1391 	2155 	2939 	3027 	2225 	1447 	1394 	1267 	1275 	1383.72 	701.62 	938.16 	1062.62 	820.34 	267.45 	1091.49 	1072.84 	1141.67 
A,FR_NLD,THS_T,FRM0	: 	: 	: 	: 	: 	: 	: 	: 	: 	1391 	2155 	2939 	3027 	2225 	1447 	1394 	1267 	1275 	1383.72 	701.62 	938.16 	1062.62 	820.34 	267.45 	1091.49 	1072.84 	1141.67 
A,FR_NLD,THS_T,FRY	: 	6990 	7183 	7329 	7097 	6879 	7916 	7483 	7619 	8043 	8322 	8839 	7635 	7850 	8135 	8226 	7845 	8386 	8038.62 	3950.41 	8111.73 	8211.7 	7963.54 	7739.43 	8779.79 	8528.45 	8262.87 
A,FR_NLD,THS_T,FRY1	: 	2518 	2747 	2469 	2428 	2311 	3048 	2235 	2210 	2277 	2419 	3028 	2262 	2387 	2540 	2797 	2619 	2346 	2426.91 	1034.67 	2312.79 	2319.49 	1775.41 	1995.4 	2669.96 	2629.52 	2438.48 
A,FR_NLD,THS_T,FRY2	: 	1875 	1780 	2077 	1778 	1790 	1928 	1944 	2176 	2288 	2250 	2172 	2045 	1935 	2026 	1965 	1836 	2187 	2124.49 	997.34 	1940.31 	1937.94 	2060.5 	1746.93 	1640.63 	1913.15 	2102.59 
A,FR_NLD,THS_T,FRY4	: 	2597 	2656 	2784 	2891 	2778 	2940 	3305 	3234 	3478 	3653 	3639 	3329 	3527 	3569 	3464 	3390 	3853 	3487.22 	1918.4 	3858.63 	3954.28 	4127.62 	3997.11 	4469.19 	3985.78 	3721.8 
A,FR_NLD,THS_T,HR	: 	: 	: 	: 	: 	: 	: 	: 	14032 	12747 	15976 	16923 	11914 	11880 	10684 	9667 	9118 	9206 	11276.3 	12072.68 	13810.4 	15141.35 	14018.78 	13823.84 	14231.9 	15719.31 	15777.92 
A,FR_NLD,THS_T,HR0	: 	: 	: 	: 	: 	: 	: 	: 	14032 	12747 	15976 	16923 	11914 	11880 	10684 	9667 	9118 	9206 	11276.3 	12072.68 	13810.4 	15141.35 	14018.78 	13823.84 	14231.9 	15719.31 	15777.92 
A,FR_NLD,THS_T,HR03	: 	: 	: 	: 	: 	: 	: 	: 	14032 	12747 	15976 	16923 	11914 	11880 	10684 	9667 	9118 	9206 	11276.3 	12072.68 	13810.4 	15141.35 	14018.78 	13823.84 	14231.9 	15719.31 	15777.92 
A,FR_NLD,THS_T,IE	20184 	22017 	23179 	24264 	26974 	29017 	29782 	31139 	33187 	35299 	35790 	33472 	28105 	29756 	29120 	30378 	30807 	30198 	32457.77 	32715.46 	33662.58 	35073.46 	33389.04 	32440.06 	34457.66 	34296.15 	31972.07 
A,FR_NLD,THS_T,IE0	20184 	22017 	23179 	24264 	26974 	29017 	29782 	31139 	33187 	35299 	35790 	33472 	28105 	29756 	29120 	30378 	30807 	30198 	32457.77 	32715.46 	33662.58 	35073.46 	33389.04 	32440.06 	34457.66 	34296.15 	31972.07 
A,FR_NLD,THS_T,IE04	: 	: 	: 	: 	989 	1091 	1003 	964 	1105 	1974 	1828 	1338 	1146 	1045 	830 	889 	915 	827 	920.23 	1087.94 	768.98 	872.34 	847.87 	733.17 	718.99 	582.17 	488.69 
A,FR_NLD,THS_T,IE05	11981 	12838 	12679 	13554 	14837 	16978 	17186 	17611 	18588 	18658 	18590 	17523 	14281 	15959 	16010 	17025 	17176 	15951 	17332.38 	16450.36 	17004.38 	17279.52 	15548.95 	15659.29 	17653.89 	16756.56 	14870.36 
A,FR_NLD,THS_T,IE06	8203 	9180 	10500 	10709 	11147 	10948 	11593 	12563 	13494 	14666 	15372 	14612 	12678 	12752 	12280 	12464 	12715 	13420 	14205.16 	15177.15 	15889.22 	16921.6 	16992.23 	16047.6 	16084.77 	16957.42 	16613.02 
A,FR_NLD,THS_T,IT	291156 	297357 	282236 	304888 	307382 	312101 	326334 	330484 	340198 	348648 	355336 	350011 	308847 	316683 	318869 	298750 	291281 	277614 	286867.19 	290181.37 	298470.55 	305445.8 	309338.08 	286508.66 	316825.2 	318745.58 	328193.62 
A,FR_NLD,THS_T,ITC	52410 	53888 	53973 	52899 	52292 	54128 	56245 	55682 	52565 	56268 	59823 	58415 	50681 	50087 	51066 	48011 	45442 	44995 	44909.52 	44953.26 	47373.97 	49186.21 	49413.49 	40594.05 	44083.92 	49039.66 	52054.58 
A,FR_NLD,THS_T,ITC3	52410 	53888 	53973 	52899 	52292 	54128 	56245 	55682 	52565 	56268 	59823 	58415 	50681 	50087 	51066 	48011 	45442 	44995 	44909.52 	44953.26 	47373.97 	49186.21 	49413.49 	40594.05 	44083.92 	49039.66 	52054.58 
A,FR_NLD,THS_T,ITF	47335 	52847 	53785 	52189 	54453 	55489 	60510 	63925 	68081 	69532 	71233 	69169 	63546 	69081 	69212 	60765 	55722 	51399 	53627.01 	53213.36 	51341.45 	52572.52 	50314.53 	51137.62 	53707.92 	46763.12 	62323.45 
A,FR_NLD,THS_T,ITF1	1279 	1113 	1043 	1190 	1218 	1226 	1254 	1322 	1286 	1432 	1265 	1051 	952 	1074 	1306 	1293 	1293 	1020 	1104.06 	991.82 	863 	1061.92 	1160.05 	1315.95 	1179.51 	1201.15 	1118.9 
A,FR_NLD,THS_T,ITF2	82 	: 	: 	: 	: 	: 	: 	: 	: 	: 	: 	: 	: 	: 	: 	: 	: 	: 	: 	: 	: 	: 	: 	: 	: 	: 	: 
A,FR_NLD,THS_T,ITF3	9497 	10845 	11321 	9492 	9580 	10530 	11710 	10560 	10468 	10810 	11711 	9615 	9632 	12591 	13270 	12184 	13055 	12208 	14394.39 	13794.5 	13898.88 	13420.27 	13077.93 	16915.58 	14908.12 	12932.04 	14843.82 
A,FR_NLD,THS_T,ITF4	29027 	32893 	30830 	30767 	32838 	31027 	34219 	36290 	40684 	42119 	42132 	42270 	35435 	32659 	36849 	31018 	25124 	22091 	22607.93 	22807.85 	22541.43 	21623.41 	20976.47 	19262.14 	22641.26 	17378.49 	22179.32 
A,FR_NLD,THS_T,ITF6	7450 	7996 	10591 	10740 	10817 	12706 	13328 	15753 	15644 	15171 	16125 	16234 	17527 	22758 	17788 	16270 	16251 	16080 	15520.63 	15619.19 	14038.15 	16466.92 	15100.08 	13643.95 	14979.03 	15251.45 	24181.41 
A,FR_NLD,THS_T,ITG	72813 	70147 	63311 	70832 	72102 	72299 	77064 	77333 	82839 	79317 	82986 	83377 	69717 	75822 	76067 	69812 	65535 	61146 	60020.2 	63199.15 	63517.43 	63600.22 	63086.29 	64774.36 	70970.86 	71735.71 	74152.47 
A,FR_NLD,THS_T,ITG1	42411 	39768 	34170 	44206 	46894 	46093 	48572 	46481 	53126 	46741 	49283 	46901 	40698 	46418 	45077 	41119 	37927 	36180 	33546.28 	37358.99 	38264.55 	37824.02 	37263.49 	38097.47 	41959.21 	42414.46 	44591.19 
A,FR_NLD,THS_T,ITG2	30401 	30379 	29141 	26626 	25209 	26207 	28492 	30851 	29713 	32577 	33703 	36477 	29018 	29403 	30990 	28693 	27607 	24966 	26473.92 	25840.16 	25252.89 	25776.2 	25822.8 	26676.88 	29011.65 	29321.25 	29561.28 
A,FR_NLD,THS_T,ITH	74678 	77286 	69719 	86190 	87851 	88646 	90907 	92726 	93669 	98546 	93931 	91191 	86739 	84951 	88122 	83727 	86814 	81674 	86025.86 	90472.43 	96789.95 	96967.94 	100717.69 	91620.06 	103881.77 	104071.58 	89574.73 
A,FR_NLD,THS_T,ITH3	19493 	20179 	20791 	23289 	23461 	24939 	26605 	27332 	28454 	29318 	29668 	27322 	25358 	28989 	29647 	25115 	23791 	17606 	19045.55 	20401.65 	20142.91 	21145.73 	21580.54 	18729.45 	22645.92 	21742.85 	18404.89 
A,FR_NLD,THS_T,ITH4	40054 	40072 	33562 	43254 	44219 	43143 	42491 	42857 	43999 	44830 	40591 	37683 	41704 	36594 	38556 	39218 	43655 	44271 	45500.1 	47680.15 	53254.02 	50317.59 	54019.32 	50901.54 	53714.52 	54474.04 	47868.2 
A,FR_NLD,THS_T,ITH5	15130 	17036 	15366 	19648 	20171 	20563 	21812 	22538 	21216 	24398 	23671 	26186 	19677 	19369 	19918 	19394 	19368 	19797 	21480.22 	22390.62 	23393.02 	25504.62 	25117.84 	21989.07 	27521.33 	27854.69 	23301.64 
A,FR_NLD,THS_T,ITI	43921 	43188 	41447 	42777 	40683 	41539 	41608 	40818 	42505 	44543 	47103 	47548 	37822 	36451 	34364 	36436 	36478 	35151 	37900.25 	34669.92 	34471.82 	38809.89 	41328.79 	32007.18 	36992.81 	40095.78 	42650.66 
A,FR_NLD,THS_T,ITI1	21621 	22219 	21555 	23217 	22264 	22532 	22309 	22292 	23638 	25817 	27374 	28926 	21654 	20530 	17803 	18086 	19730 	18501 	20961.68 	18374.8 	18847.04 	20730.56 	24385.69 	18321.28 	21874.14 	23447.1 	25630.66 
A,FR_NLD,THS_T,ITI3	6975 	6501 	6598 	6622 	6851 	7339 	6704 	6725 	6438 	6405 	6978 	6890 	6318 	5933 	5746 	5311 	4668 	5852 	5660.06 	5847.17 	5729.84 	6272.34 	6019.28 	4356.65 	6045.42 	6021.46 	5617.6 
A,FR_NLD,THS_T,ITI4	15325 	14468 	13294 	12938 	11568 	11668 	12595 	11801 	12428 	12321 	12751 	11732 	9851 	9988 	10816 	13039 	12080 	10798 	11278.51 	10447.95 	9894.94 	11806.99 	10923.82 	9329.26 	9073.25 	10627.22 	11402.4 
A,FR_NLD,THS_T,ITZ	: 	: 	: 	: 	: 	: 	: 	: 	538 	442 	260 	310 	342 	291 	37 	: 	1290 	3249 	4384.34 	3673.26 	4975.94 	4309.02 	4477.28 	6375.39 	7187.92 	7039.74 	7437.74 
A,FR_NLD,THS_T,ITZZ	: 	: 	: 	: 	: 	: 	: 	: 	538 	442 	260 	310 	342 	291 	37 	: 	1290 	3249 	4384.34 	3673.26 	4975.94 	4309.02 	4477.28 	6375.39 	7187.92 	7039.74 	7437.74 
A,FR_NLD,THS_T,LT	: 	: 	: 	: 	3475 	3807 	4097 	4372 	4710 	8466 	10907 	15359 	13739 	15447 	16031 	15772 	16137 	14040 	14615.14 	16716.65 	18314.67 	18454.45 	19378.63 	18266.33 	18760.62 	20722.96 	20092.44 
A,FR_NLD,THS_T,LT0	: 	: 	: 	: 	3475 	3807 	4097 	4372 	4710 	8466 	10907 	15359 	13739 	15447 	16031 	15772 	16137 	14040 	14615.14 	16716.65 	18314.67 	18454.45 	19378.63 	18266.33 	18760.62 	20722.96 	20092.44 
A,FR_NLD,THS_T,LT02	: 	: 	: 	: 	3475 	3807 	4097 	4372 	4710 	8466 	10907 	15359 	13739 	15447 	16031 	15772 	16137 	14040 	14615.14 	16716.65 	18314.67 	18454.45 	19378.63 	18266.33 	18760.62 	20722.96 	20092.44 
A,FR_NLD,THS_T,LV	: 	: 	: 	: 	2492 	3307 	3723 	3484 	4504 	6600 	7481 	6059 	4373 	5060 	7362 	8358 	7519 	8270 	6533.82 	6224.64 	6680.53 	7976.9 	8455.7 	8528.88 	8776.2 	13254.13 	11037.23 
A,FR_NLD,THS_T,LV0	: 	: 	: 	: 	2492 	3307 	3723 	3484 	4504 	6600 	7481 	6059 	4373 	5060 	7362 	8358 	7519 	8270 	6533.82 	6224.64 	6680.53 	7976.9 	8455.7 	8528.88 	8776.2 	13254.13 	11037.23 
A,FR_NLD,THS_T,LV00	: 	: 	: 	: 	2492 	3307 	3723 	3484 	4504 	6600 	7481 	6059 	4373 	5060 	7362 	8358 	7519 	8270 	6533.82 	6224.64 	6680.53 	7976.9 	8455.7 	8528.88 	8776.2 	13254.13 	11037.23 
A,FR_NLD,THS_T,ME	: 	: 	: 	: 	: 	: 	: 	: 	: 	: 	: 	: 	: 	: 	: 	: 	: 	: 	: 	: 	: 	1180 	1015 	896 	882 	1101 	: 
A,FR_NLD,THS_T,ME0	: 	: 	: 	: 	: 	: 	: 	: 	: 	: 	: 	: 	: 	: 	: 	: 	: 	: 	: 	: 	: 	1180 	1015 	896 	882 	1101 	: 
A,FR_NLD,THS_T,ME00	: 	: 	: 	: 	: 	: 	: 	: 	: 	: 	: 	: 	: 	: 	: 	: 	: 	: 	: 	: 	: 	1180 	1015 	896 	882 	1101 	: 
A,FR_NLD,THS_T,MT	: 	: 	: 	: 	: 	: 	2976 	3027 	3321 	3347 	3077 	3189 	3205 	3601 	3104 	3080 	2831 	3151 	3393.95 	3364.96 	3664.77 	4031.76 	4560.35 	5362.04 	2971.11 	4489.79 	6144.38 
A,FR_NLD,THS_T,MT0	: 	: 	: 	: 	: 	: 	2976 	3027 	3321 	3347 	3077 	3189 	3205 	3601 	3104 	3080 	2831 	3151 	3393.95 	3364.96 	3664.77 	4031.76 	4560.35 	5362.04 	2971.11 	4489.79 	6144.38 
A,FR_NLD,THS_T,MT00	: 	: 	: 	: 	: 	: 	2976 	3027 	3321 	3347 	3077 	3189 	3205 	3601 	3104 	3080 	2831 	3151 	3393.95 	3364.96 	3664.77 	4031.76 	4560.35 	5362.04 	2971.11 	4489.79 	6144.38 
A,FR_NLD,THS_T,NL	311609 	317917 	304150 	314104 	316277 	316949 	317548 	338994 	350234 	358354 	376707 	396236 	342085 	385684 	387081 	385935 	387095 	396812 	412830.03 	400169.09 	409012.85 	413695.31 	415423.29 	367375.98 	397118.76 	417214.16 	380843.71 
A,FR_NLD,THS_T,NL1	1482 	1591 	1481 	1694 	1549 	1708 	1446 	1381 	1581 	1682 	1897 	1739 	883 	1536 	1267 	1800 	1465 	2481 	4696.24 	5198.02 	5520.17 	5787.21 	5120.06 	3621.09 	4921.46 	5515.36 	7882.96 
A,FR_NLD,THS_T,NL11	1060 	1076 	998 	1289 	1194 	1383 	1181 	1057 	1127 	1142 	1343 	1416 	679 	961 	1029 	1474 	1300 	2269 	4139.72 	4510.68 	4749.18 	5137.39 	4461.09 	3256.79 	4462.21 	5043.51 	7574.86 
A,FR_NLD,THS_T,NL12	422 	515 	483 	405 	355 	325 	265 	324 	454 	540 	555 	323 	204 	575 	238 	326 	165 	213 	556.52 	687.35 	770.99 	649.82 	658.96 	364.3 	459.25 	471.85 	308.1 
A,FR_NLD,THS_T,NL3	308094 	313886 	300037 	309273 	312181 	312484 	313708 	335145 	345445 	352537 	371103 	390151 	337374 	379418 	380792 	379463 	381636 	390543 	404668.41 	391960.25 	399898.1 	404415.85 	406686.63 	360680.81 	388894.73 	408375.25 	370243.73 
A,FR_NLD,THS_T,NL32	44303 	45179 	44911 	49626 	53224 	52610 	45492 	52078 	51797 	56916 	61334 	71255 	60103 	63664 	61794 	62734 	63891 	66512 	67892.29 	64376.97 	68206.73 	66892.62 	67755.23 	55085.54 	53643.6 	62481.79 	49526.05 
A,FR_NLD,THS_T,NL33	245137 	251178 	236919 	243135 	241466 	242009 	248943 	263732 	273185 	275526 	286408 	296783 	257557 	294022 	294413 	294196 	295053 	300146 	313273.58 	304889.18 	308040.82 	310210.07 	312226.09 	282305.91 	309032.27 	316360.83 	295541.4 
A,FR_NLD,THS_T,NL34	18654 	17529 	18207 	16512 	17491 	17864 	19272 	19335 	20463 	20095 	23360 	22113 	19714 	21731 	24585 	22533 	22692 	23885 	23502.54 	22694.09 	23650.55 	27313.16 	26705.31 	23289.35 	26218.87 	29532.63 	25176.28 
A,FR_NLD,THS_T,NL4	2033 	2440 	2632 	3137 	2547 	2756 	2394 	2469 	3208 	4135 	3707 	4346 	3829 	4730 	4162 	3788 	3455 	3236 	3428.27 	2944.35 	3443.61 	3381.78 	3456.85 	2907.97 	3131.14 	3220.42 	2605.39 
A,FR_NLD,THS_T,NL41	2033 	2440 	2632 	3137 	2547 	2756 	2394 	2469 	3208 	4135 	3707 	4346 	3829 	4730 	4162 	3788 	3455 	3236 	3428.27 	2944.35 	3443.61 	3381.78 	3456.85 	2907.97 	3131.14 	3220.42 	2605.39 
A,FR_NLD,THS_T,NLZ	: 	: 	: 	: 	: 	: 	: 	: 	: 	: 	: 	: 	: 	: 	860 	883 	540 	551 	37.1 	66.47 	150.97 	110.48 	159.75 	166.12 	171.42 	103.13 	111.64 
A,FR_NLD,THS_T,NLZZ	: 	: 	: 	: 	: 	: 	: 	: 	: 	: 	: 	: 	: 	: 	860 	883 	540 	551 	37.1 	66.47 	150.97 	110.48 	159.75 	166.12 	171.42 	103.13 	111.64 
A,FR_NLD,THS_T,NO	: 	: 	: 	: 	: 	56519 	53709 	57666 	57749 	56937 	58485 	54128 	49559 	50676 	52987 	54584 	56387 	55021 	58808.17 	52327.36 	53054.64 	54457.27 	53144 	50531.17 	52576.77 	49149.72 	45364.45 
A,FR_NLD,THS_T,NO0	: 	: 	: 	: 	: 	49704 	48589 	48930 	49236 	51674 	53232 	48993 	45681 	46083 	48246 	49488 	51672 	49878 	53068.78 	47613.27 	51639.93 	52978.99 	51367.66 	48637.21 	50638.76 	47304.85 	43554.58 
A,FR_NLD,THS_T,NO06	: 	: 	: 	: 	: 	1146 	1392 	1702 	1845 	2018 	2046 	2065 	1675 	2111 	2220 	2306 	2251 	2339 	2174.71 	2420.19 	2586.22 	2581.26 	2563.27 	2130.64 	2200.1 	2244.16 	1939.49 
A,FR_NLD,THS_T,NO07	: 	: 	: 	: 	: 	1344 	1569 	1481 	1685 	1792 	1952 	1654 	1709 	2062 	1831 	2342 	3453 	4318 	10044.7 	6135.3 	5144.68 	6127.99 	5135.53 	4650.82 	5235.74 	5241.75 	5040.97 
A,FR_NLD,THS_T,NO08	: 	: 	: 	: 	: 	5587 	6686 	7115 	7344 	7437 	7551 	7019 	6033 	6242 	6781 	6847 	6760 	6279 	6336.83 	6687.68 	11348.99 	12625.57 	14233.9 	11771.35 	11527.37 	12058.6 	10811.19 
A,FR_NLD,THS_T,NO09	: 	: 	: 	: 	: 	10367 	11559 	11653 	11658 	12630 	12989 	12155 	11348 	11426 	11351 	11100 	11217 	11891 	12081.78 	10712.87 	11766.12 	12312.31 	12263.15 	13358.49 	11820.04 	10203.14 	9812.01 
A,FR_NLD,THS_T,NO0A	: 	: 	: 	: 	: 	31260 	27382 	26978 	26704 	27797 	28693 	26100 	24915 	24241 	26063 	26892 	27991 	25051 	22430.75 	21657.24 	20793.92 	19331.85 	17171.81 	16725.91 	19855.51 	17557.2 	15950.93 
A,FR_NLD,THS_T,NOZ	: 	: 	: 	: 	: 	6815 	5120 	8736 	8513 	5263 	5253 	5135 	3878 	4593 	4740 	5096 	4715 	5143 	5739.39 	4714.09 	1414.71 	1478.28 	1776.34 	1893.96 	1938.01 	1844.88 	1809.87 
A,FR_NLD,THS_T,NOZZ	: 	: 	: 	: 	: 	6815 	5120 	8736 	8513 	5263 	5253 	5135 	3878 	4593 	4740 	5096 	4715 	5143 	5739.39 	4714.09 	1414.71 	1478.28 	1776.34 	1893.96 	1938.01 	1844.88 	1809.87 
A,FR_NLD,THS_T,PL	: 	: 	: 	: 	14545 	14807 	14962 	16389 	16219 	19809 	26035 	28009 	22927 	28459 	33296 	34119 	34853 	38749 	39432.37 	40793.36 	48528.79 	60257.85 	62668.36 	54365.52 	62102.48 	84781.6 	96527.39 
A,FR_NLD,THS_T,PL4	: 	: 	: 	: 	7713 	7558 	7912 	8765 	8467 	8519 	9348 	11918 	7844 	11496 	13408 	12718 	11892 	12704 	12692.59 	13522.82 	15962.81 	18458.22 	18399.37 	16732.55 	17787.9 	22006.56 	19054.48 
A,FR_NLD,THS_T,PL42	: 	: 	: 	: 	7713 	7558 	7912 	8765 	8467 	8519 	9348 	11918 	7844 	11496 	13408 	12718 	11892 	12704 	12692.59 	13522.82 	15962.81 	18458.22 	18399.37 	16732.55 	17787.9 	22006.56 	19054.48 
A,FR_NLD,THS_T,PL6	: 	: 	: 	: 	6831 	7249 	7049 	7624 	7753 	11290 	16687 	16091 	15084 	16963 	19888 	21402 	22961 	26044 	26739.78 	27270.54 	32565.97 	41799.63 	44268.99 	37632.97 	44314.58 	62775.04 	77472.91 
A,FR_NLD,THS_T,PL63	: 	: 	: 	: 	6831 	7249 	7049 	7624 	7753 	11290 	16687 	16091 	15084 	16963 	19888 	21402 	22961 	26044 	26739.78 	27270.54 	32565.97 	41799.63 	44268.99 	37632.97 	44314.58 	62775.04 	77472.91 
A,FR_NLD,THS_T,PT	38273 	40590 	42364 	42795 	42557 	41940 	41196 	42128 	45300 	45460 	45215 	43065 	40482 	41367 	41780 	40304 	44305 	45368 	50167.97 	51312.91 	55843.92 	55523.58 	52825.35 	47320.46 	49992.89 	52449.21 	51302.42 
A,FR_NLD,THS_T,PT1	38273 	40590 	42364 	41550 	41271 	40678 	39885 	40584 	43124 	42892 	43048 	40937 	38314 	39288 	39834 	38615 	42642 	43732 	48432.59 	49493.72 	53930.28 	52747.36 	50101.19 	44720.17 	47231.41 	49072.28 	48114.33 
A,FR_NLD,THS_T,PT11	9029 	10515 	10488 	10907 	10954 	9962 	9824 	9529 	9798 	9605 	9979 	10168 	9288 	9583 	9997 	9127 	9254 	9897 	10836.49 	8697.82 	11276.98 	11136.14 	11174.21 	9502.1 	8629.08 	8981.69 	8896.11 
A,FR_NLD,THS_T,PT15	: 	: 	: 	: 	: 	: 	: 	: 	: 	: 	: 	: 	: 	: 	: 	: 	: 	: 	: 	: 	: 	0.18 	0.24 	: 	: 	: 	: 
A,FR_NLD,THS_T,PT16	1888 	2172 	2141 	1972 	2309 	2488 	2339 	2464 	2472 	2741 	2385 	2338 	1842 	2842 	2541 	2446 	2919 	3021 	2963.26 	3510.38 	4165.63 	4452.7 	4488.94 	4073.17 	5023.91 	4938.94 	5131.8 
A,FR_NLD,THS_T,PT17	12072 	13043 	13517 	12900 	13128 	12755 	11381 	11082 	11935 	10528 	11529 	10555 	9733 	10311 	10086 	8575 	8881 	9066 	9016.88 	8564.82 	9404.96 	9598.11 	9778.06 	8408.85 	8510.73 	10502.14 	10224.36 
A,FR_NLD,THS_T,PT18	15285 	14860 	16218 	15772 	14881 	15472 	16341 	17508 	18920 	20018 	19155 	17875 	17450 	16552 	17210 	18467 	21587 	21748 	25615.97 	28720.7 	29082.72 	27560.24 	24659.74 	22736.06 	25067.69 	24649.51 	23862.06 
A,FR_NLD,THS_T,PT2	: 	: 	: 	: 	: 	: 	: 	: 	1090 	1110 	1122 	1066 	1140 	1139 	1088 	960 	871 	840 	850.88 	935.57 	988.44 	1753.33 	1672.16 	1652.47 	1741.96 	2215.57 	1930.45 
A,FR_NLD,THS_T,PT20	: 	: 	: 	: 	: 	: 	: 	: 	1090 	1110 	1122 	1066 	1140 	1139 	1088 	960 	871 	840 	850.88 	935.57 	988.44 	1753.33 	1672.16 	1652.47 	1741.96 	2215.57 	1930.45 
A,FR_NLD,THS_T,PT3	: 	: 	: 	1245 	1286 	1262 	1311 	1544 	1086 	1458 	1044 	1062 	1028 	940 	859 	729 	792 	795 	884.5 	883.62 	925.2 	1022.89 	1052.01 	947.82 	1019.52 	1161.36 	1257.63 
A,FR_NLD,THS_T,PT30	: 	: 	: 	1245 	1286 	1262 	1311 	1544 	1086 	1458 	1044 	1062 	1028 	940 	859 	729 	792 	795 	884.5 	883.62 	925.2 	1022.89 	1052.01 	947.82 	1019.52 	1161.36 	1257.63 
A,FR_NLD,THS_T,RO	: 	: 	: 	: 	: 	13472 	17717 	22371 	25101 	24283 	28190 	29231 	15910 	16191 	17500 	17800 	16496 	17978 	19167.07 	20166.17 	21050.3 	23867.64 	25945.53 	22912.74 	25158.99 	29649.92 	27593.83 
A,FR_NLD,THS_T,RO2	: 	: 	: 	: 	: 	13472 	17717 	22371 	25101 	24283 	28190 	29231 	15910 	16191 	17500 	17800 	16496 	17978 	19167.07 	20166.17 	21050.3 	23867.64 	25945.53 	22912.74 	25158.99 	29649.92 	27593.83 
A,FR_NLD,THS_T,RO22	: 	: 	: 	: 	: 	13472 	17717 	22371 	25101 	24283 	28190 	29231 	15910 	16191 	17500 	17800 	16496 	17978 	19167.07 	20166.17 	21050.3 	23867.64 	25945.53 	22912.74 	25158.99 	29649.92 	27593.83 
A,FR_NLD,THS_T,SE	67151 	72075 	72074 	74175 	71350 	70437 	75624 	76823 	84653 	82557 	85932 	90848 	76229 	87679 	87419 	82787 	86707 	90934 	92142.74 	93136.67 	93984.77 	99417.81 	94060.34 	92060.7 	90811.09 	93641.09 	85830.1 
A,FR_NLD,THS_T,SE1	13904 	15243 	14433 	14659 	13452 	14049 	15767 	14945 	17980 	16341 	16343 	16743 	10928 	13613 	14930 	13073 	13610 	15645 	16414.32 	17012.07 	15647.06 	15454.48 	16503.7 	14560.92 	12028.98 	11028.29 	10139.6 
A,FR_NLD,THS_T,SE11	5458 	6355 	5922 	5864 	5381 	5650 	6537 	6079 	7470 	7516 	7290 	7479 	6681 	6695 	6617 	6171 	6273 	7738 	7696.23 	8370.46 	6845.35 	7061.03 	6918.66 	6130.31 	7465.87 	6467 	5901.76 
A,FR_NLD,THS_T,SE12	8446 	8889 	8511 	8795 	8072 	8399 	9230 	8866 	10510 	8825 	9054 	9264 	4247 	6918 	8313 	6903 	7338 	7907 	8718.09 	8641.61 	8801.72 	8393.45 	9585.04 	8430.6 	4563.11 	4561.28 	4237.84 
A,FR_NLD,THS_T,SE2	45305 	48105 	48886 	50369 	48412 	46416 	49554 	51915 	54948 	55750 	58512 	62610 	54359 	49110 	48931 	47544 	47874 	48955 	48658.53 	51018.09 	50899.77 	53844.58 	51760.05 	50810.34 	41106.83 	44371.16 	39082.22 
A,FR_NLD,THS_T,SE21	873 	735 	2177 	2591 	2301 	1594 	1604 	1558 	1786 	815 	1870 	2007 	1137 	1742 	1854 	1538 	2230 	2224 	1971.67 	1856.67 	1830.5 	2440.82 	2201.29 	1943.48 	2221.12 	2803.95 	1527.28 
A,FR_NLD,THS_T,SE22	13997 	16260 	16850 	16505 	15769 	16156 	16306 	16964 	19118 	20345 	22005 	22450 	18655 	20164 	20780 	20577 	20586 	21345 	20905.89 	21369.64 	21958.24 	23512.93 	22811.32 	22506.48 	17216.66 	16406.66 	16120.91 
A,FR_NLD,THS_T,SE23	30435 	31110 	29860 	31273 	30342 	28666 	31644 	33392 	34044 	34591 	34636 	38154 	34567 	27204 	26297 	25428 	25057 	25386 	25780.97 	27791.78 	27111.03 	27890.83 	26747.43 	26360.38 	21669.05 	25160.56 	21434.03 
A,FR_NLD,THS_T,SE3	7942 	8726 	8755 	9147 	9485 	9972 	10304 	9964 	11725 	10466 	11077 	11494 	8578 	10431 	11178 	10452 	11481 	12212 	12594.57 	11166.5 	11473.78 	12746.94 	11852.65 	11612.15 	6605.2 	7186.63 	9374.08 
A,FR_NLD,THS_T,SE31	2305 	2595 	2376 	2448 	2363 	2364 	2344 	2278 	3866 	3480 	3063 	3632 	3007 	2890 	3065 	2788 	3726 	3891 	4932.31 	3816.68 	4072.45 	4374.04 	4119.66 	4431.59 	2382.54 	2797.66 	2803.94 
A,FR_NLD,THS_T,SE32	2198 	2446 	2597 	2564 	2483 	2927 	3188 	2601 	2530 	2287 	2402 	2426 	1488 	2008 	2969 	2583 	2705 	3061 	2660.67 	2494.11 	2497.34 	2926.5 	2821.68 	2423.46 	982.9 	1091.81 	1105.17 
A,FR_NLD,THS_T,SE33	3439 	3685 	3781 	4135 	4639 	4681 	4771 	5085 	5329 	4699 	5612 	5436 	4083 	5532 	5144 	5082 	5050 	5260 	5001.6 	4855.7 	4904 	5446.39 	4911.31 	4757.1 	3239.76 	3297.16 	5464.98 
A,FR_NLD,THS_T,SEZ	: 	: 	: 	: 	: 	: 	: 	: 	: 	: 	: 	: 	2364 	14525 	12380 	11718 	13741 	14123 	14475.32 	13940.01 	15964.16 	17371.81 	13943.94 	15077.3 	31070.08 	31055.01 	27234.2 
A,FR_NLD,THS_T,SEZZ	: 	: 	: 	: 	: 	: 	: 	: 	: 	: 	: 	: 	2364 	14525 	12380 	11718 	13741 	14123 	14475.32 	13940.01 	15964.16 	17371.81 	13943.94 	15077.3 	31070.08 	31055.01 	27234.2 
A,FR_NLD,THS_T,SI	: 	: 	: 	: 	6648 	6624 	7643 	8715 	8960 	10501 	11127 	11761 	9140 	10341 	11589 	11670 	11622 	12184 	13175.42 	14073.64 	15524.76 	16390.01 	15615 	12474.11 	14534.95 	16861.45 	15527.62 
A,FR_NLD,THS_T,SI0	: 	: 	: 	: 	6648 	6624 	7643 	8715 	8960 	10501 	11127 	11761 	9140 	10341 	11589 	11670 	11622 	12184 	13175.42 	14073.64 	15524.76 	16390.01 	15615 	12474.11 	14534.95 	16861.45 	15527.62 
A,FR_NLD,THS_T,SI04	: 	: 	: 	: 	6648 	6624 	7643 	8715 	8960 	10501 	11127 	11761 	9140 	10341 	11589 	11670 	11622 	12184 	13175.42 	14073.64 	15524.76 	16390.01 	15615 	12474.11 	14534.95 	16861.45 	15527.62 
A,FR_NLD,THS_T,TR	: 	: 	: 	: 	: 	: 	: 	: 	: 	: 	: 	160420 	141580 	181566 	197750 	214561 	218794 	222781 	236670.93 	244946.81 	268669.94 	253018.73 	254821.75 	263067.6 	273659.48 	287309.6 	298624 
A,FR_NLD,THS_T,TR1	: 	: 	: 	: 	: 	: 	: 	: 	: 	: 	: 	23279 	18734 	29310 	25306 	24412 	27329 	26717 	23401.53 	21519.44 	22433.57 	20691.57 	19954.16 	17722.52 	18611.93 	19373.02 	24065.44 
A,FR_NLD,THS_T,TR10	: 	: 	: 	: 	: 	: 	: 	: 	: 	: 	: 	23279 	18734 	29310 	25306 	24412 	27329 	26717 	23401.53 	21519.44 	22433.57 	20691.57 	19954.16 	17722.52 	18611.93 	19373.02 	24065.44 
A,FR_NLD,THS_T,TR2	: 	: 	: 	: 	: 	: 	: 	: 	: 	: 	: 	8726 	8770 	12338 	21336 	24651 	22401 	23203 	23504.53 	28488.21 	32255.85 	34191.82 	36086.85 	37804.69 	40266.43 	43340.76 	43528.7 
A,FR_NLD,THS_T,TR21	: 	: 	: 	: 	: 	: 	: 	: 	: 	: 	: 	2899 	2443 	3190 	11468 	13133 	11258 	10971 	12751.05 	15638.98 	17460.38 	18256 	20781.65 	21916.44 	24584.35 	27664.04 	28698.06 
A,FR_NLD,THS_T,TR22	: 	: 	: 	: 	: 	: 	: 	: 	: 	: 	: 	5827 	6327 	9148 	9868 	11518 	11143 	12232 	10753.48 	12849.23 	14795.47 	15935.82 	15305.2 	15888.25 	15682.08 	15676.72 	14830.64 
A,FR_NLD,THS_T,TR3	: 	: 	: 	: 	: 	: 	: 	: 	: 	: 	: 	28295 	23834 	29106 	29471 	32287 	31328 	32904 	37019.52 	38382.45 	43217.91 	39798.8 	43601.17 	45611.13 	48481.9 	52298.36 	53377.95 
A,FR_NLD,THS_T,TR31	: 	: 	: 	: 	: 	: 	: 	: 	: 	: 	: 	28170 	23751 	28923 	29319 	32126 	31169 	32765 	36822.22 	38229.19 	42993.29 	39488.55 	43469.26 	45553.9 	48350.43 	52146.99 	53254.56 
A,FR_NLD,THS_T,TR32	: 	: 	: 	: 	: 	: 	: 	: 	: 	: 	: 	125 	83 	183 	152 	161 	159 	139 	197.3 	153.26 	224.62 	310.25 	131.91 	57.23 	131.47 	151.37 	123.39 
A,FR_NLD,THS_T,TR4	: 	: 	: 	: 	: 	: 	: 	: 	: 	: 	: 	42931 	36604 	46912 	49987 	52691 	51262 	50478 	54945.13 	56367.06 	60824.43 	55864.58 	51249.57 	54051.68 	56627 	57783 	62619.62 
A,FR_NLD,THS_T,TR41	: 	: 	: 	: 	: 	: 	: 	: 	: 	: 	: 	4595 	3461 	6324 	8659 	7230 	6417 	6307 	6753.31 	7306.08 	7402.55 	6657.9 	6358.69 	6185.46 	6063.74 	6508.25 	7185.45 
A,FR_NLD,THS_T,TR42	: 	: 	: 	: 	: 	: 	: 	: 	: 	: 	: 	38336 	33142 	40588 	41329 	45461 	44845 	44170 	48191.82 	49060.98 	53421.88 	49206.69 	44890.89 	47866.23 	50563.26 	51274.75 	55434.17 
A,FR_NLD,THS_T,TR6	: 	: 	: 	: 	: 	: 	: 	: 	: 	: 	: 	36135 	34354 	41228 	44460 	50191 	54609 	57453 	63472.09 	65839 	71434.57 	66672.73 	70485.45 	71392.99 	72672.71 	77708.42 	82136.89 
A,FR_NLD,THS_T,TR61	: 	: 	: 	: 	: 	: 	: 	: 	: 	: 	: 	1895 	1762 	2181 	2377 	2186 	2523 	2738 	2686.43 	2632.06 	2810.8 	2802.95 	2676.16 	2055.61 	2829.83 	3105.91 	3880.29 
A,FR_NLD,THS_T,TR62	: 	: 	: 	: 	: 	: 	: 	: 	: 	: 	: 	10689 	10873 	13843 	15109 	16858 	19626 	19482 	19379.33 	19223.79 	20003.12 	17542.15 	19763.38 	20860.86 	20369.68 	21287.05 	24898.87 
A,FR_NLD,THS_T,TR63	: 	: 	: 	: 	: 	: 	: 	: 	: 	: 	: 	23552 	21718 	25205 	26975 	31148 	32460 	35234 	41406.33 	43983.15 	48620.66 	46327.63 	48045.92 	48476.52 	49473.21 	53315.46 	53357.73 
A,FR_NLD,THS_T,TR8	: 	: 	: 	: 	: 	: 	: 	: 	: 	: 	: 	15278 	13948 	7624 	10769 	13324 	13892 	14416 	15640.89 	16487.96 	19497.82 	18880.57 	19498.67 	20204.54 	19369.75 	20695.21 	20618.35 
A,FR_NLD,THS_T,TR81	: 	: 	: 	: 	: 	: 	: 	: 	: 	: 	: 	10103 	8790 	1684 	4957 	6336 	6590 	7110 	7923.87 	8169.3 	9618.07 	10162.75 	11010.11 	10877.04 	10165.82 	11152.09 	10647.45 
A,FR_NLD,THS_T,TR82	: 	: 	: 	: 	: 	: 	: 	: 	: 	: 	: 	23 	45 	41 	68 	161 	61 	83 	81.66 	99.82 	63.9 	128.79 	84.01 	98.93 	71.67 	82.91 	115.57 
A,FR_NLD,THS_T,TR83	: 	: 	: 	: 	: 	: 	: 	: 	: 	: 	: 	5152 	5113 	5899 	5744 	6826 	7241 	7224 	7635.36 	8218.84 	9815.85 	8589.03 	8404.56 	9228.57 	9132.26 	9460.21 	9855.32 
A,FR_NLD,THS_T,TR9	: 	: 	: 	: 	: 	: 	: 	: 	: 	: 	: 	3721 	3510 	4135 	4751 	5710 	5244 	4967 	5385.29 	5476.92 	5678.68 	4671.05 	4626.6 	4261.43 	4227.31 	3668.24 	3994.08 
A,FR_NLD,THS_T,TR90	: 	: 	: 	: 	: 	: 	: 	: 	: 	: 	: 	3721 	3510 	4135 	4751 	5710 	5244 	4967 	5385.29 	5476.92 	5678.68 	4671.05 	4626.6 	4261.43 	4227.31 	3668.24 	3994.08 
A,FR_NLD,THS_T,TRZ	: 	: 	: 	: 	: 	: 	: 	: 	: 	: 	: 	2054 	1826 	10913 	11670 	11296 	12729 	12642 	13301.95 	12385.77 	13327.11 	12247.61 	9319.27 	12018.62 	13402.46 	12442.6 	8282.99 
A,FR_NLD,THS_T,TRZZ	: 	: 	: 	: 	: 	: 	: 	: 	: 	: 	: 	2054 	1826 	10913 	11670 	11296 	12729 	12642 	13301.95 	12385.77 	13327.11 	12247.61 	9319.27 	12018.62 	13402.46 	12442.6 	8282.99 
